ItemID,ItemNo,Status,ReasonCode,status_code_id,status_date,FromLocationCode,FromLocationName,ToLocationCode,ToLocationName,CustAccNum
1,CNSGN003413891,UA,,,2/1/2025 9:48,DBTED,Telok Blangah Delivery Base,DBTED,Telok Blangah Delivery Base,
2,CNSGN003413891,DB,46,,2/1/2025 11:30,DBTED,Telok Blangah Delivery Base,DBTED,Telok Blangah Delivery Base,
3,CNSGN003413891,HI,,,2/1/2025 12:07,DBTED,Telok Blangah Delivery Base,DBTED,Telok Blangah Delivery Base,
4,CNSGS003108898,CC,,,2/1/2025 13:24,,,,,
5,CNSGS003111175,CC,,,2/1/2025 13:18,,,,,
6,CNSGS003111533,CC,,,2/1/2025 12:36,,,,,
7,CNSGS003111859,UA,,,2/1/2025 8:46,DBBDD,Bedok Central Delivery Base,DBBDD,Bedok Central Delivery Base,
8,CNSGS003111859,FD,98,,2/1/2025 10:20,DBBDD,Bedok Central Delivery Base,DBBDD,Bedok Central Delivery Base,
9,CNSGS003111892,CC,,,2/1/2025 18:33,,,,,
10,CNSGS003112698,CC,,,2/1/2025 19:07,,,,,
11,CNSGS003112699,CC,,,2/1/2025 9:56,,,,,
12,CNSGS003113252,CC,,,2/1/2025 14:35,,,,,
13,CNSGS003113665,CC,,,2/1/2025 12:35,,,,,
14,CNSGS003113860,UA,,,2/1/2025 8:07,DBWDD,Woodlands Delivery Base,DBWDD,Woodlands Delivery Base,
15,CNSGS003113860,FD,98,,2/1/2025 9:33,DBWDD,Woodlands Delivery Base,DBWDD,Woodlands Delivery Base,
16,CNSGS003114010,CC,,,2/1/2025 21:34,,,,,
17,CNSGS003114821,CC,,,2/1/2025 16:01,,,,,
18,CNSGS003115263,CC,,,2/1/2025 17:20,,,,,
19,CNSGS003115920,CC,,,2/1/2025 17:23,,,,,
20,CNSGS003116150,CC,,,2/1/2025 20:47,,,,,
21,CNSGS003116319,CC,,,2/1/2025 11:47,,,,,
22,CNSGS003116416,CC,,,2/1/2025 13:38,,,,,
23,CNSGS003117058,CC,,,2/1/2025 22:08,,,,,
24,CNSGS003117244,CC,,,2/1/2025 16:03,,,,,
25,CNSGS003117342,CC,,,2/1/2025 23:46,,,,,
26,CNSGS003117903,CC,,,2/1/2025 13:02,,,,,
27,CNSGS003118015,CC,,,2/1/2025 18:31,,,,,
28,CNSGS0112073702,UA,,,2/1/2025 8:31,DBCHI,Changi Delivery Base,DBCHI,Changi Delivery Base,
29,CNSGS0112073702,FD,98,,2/1/2025 10:25,DBCHI,Changi Delivery Base,DBCHI,Changi Delivery Base,
30,CNSGS0112114575,UA,,,2/1/2025 11:10,DBJRD,Jurong Town Delivery Base,DBJRD,Jurong Town Delivery Base,
31,CNSGS0112114575,AS,,,2/1/2025 12:43,DBJRD,Jurong Town Delivery Base,DBJRD,Jurong Town Delivery Base,
32,CNSGS0112171810,CC,,,2/1/2025 11:28,,,,,
33,CNSGS0112181496,CC,,,2/1/2025 12:09,,,,,
34,CNSGS0112189447,CC,,,2/1/2025 23:06,,,,,
35,CNSGS0112193361,CC,,,2/1/2025 14:47,,,,,
36,CNSGS0112199112,CC,,,2/1/2025 12:46,,,,,
37,CNSGS0112199354,CC,,,2/1/2025 23:19,,,,,
38,CNSGS0112203675,CC,,,2/1/2025 21:06,,,,,
39,CNSGS0112207306,CC,,,2/1/2025 17:26,,,,,
40,CNSGS0112209613,CC,,,2/1/2025 20:17,,,,,
41,CNSGS0112217713,CC,,,2/1/2025 9:36,,,,,
42,CNSGS0112224343,CC,,,2/1/2025 22:01,,,,,
43,CNSGS0112226669,CC,,,2/1/2025 21:07,,,,,
44,CNSGS0112227451,RU,,,2/1/2025 11:08,,,,,
45,CNSGS0112227451,UA,,,2/1/2025 11:34,DBBLD,Boon Lay Delivery Base,DBBLD,Boon Lay Delivery Base,
46,CNSGS0112227451,DB,43,,2/1/2025 11:55,DBBLD,Boon Lay Delivery Base,DBBLD,Boon Lay Delivery Base,
47,CNSGS0112227451,FD,98,,2/1/2025 12:22,DBBLD,Boon Lay Delivery Base,DBBLD,Boon Lay Delivery Base,
48,CNSGS0112241157,CC,,,2/1/2025 23:52,,,,,
49,CNSGS0112242145,CC,,,2/1/2025 23:15,,,,,
50,CNSGS0112242823,CC,,,2/1/2025 16:15,,,,,
51,CNSGS0112250834,CC,,,2/1/2025 23:01,,,,,
52,CNSGS0112250932,CC,,,2/1/2025 12:57,,,,,
53,CNSGS0112253013,CC,,,2/1/2025 18:03,,,,,
54,CNSGS0112256612,CC,,,2/1/2025 13:20,,,,,
55,CNSGS0112258474,CC,,,2/1/2025 15:42,,,,,
56,CNSGS0112264945,RU,,,2/1/2025 11:09,,,,,
57,CNSGS0112264945,UA,,,2/1/2025 11:34,DBBLD,Boon Lay Delivery Base,DBBLD,Boon Lay Delivery Base,
58,CNSGS0112264945,FD,98,,2/1/2025 12:01,DBBLD,Boon Lay Delivery Base,DBBLD,Boon Lay Delivery Base,
59,CNSGS0112276543,CC,,,2/1/2025 13:04,,,,,
60,DLZSGCN015496533,AS,,,2/1/2025 10:24,DBRBS,Robinson Delivery Base,DBRBS,Robinson Delivery Base,
61,EA361349827HK,UA,,,2/1/2025 10:14,DBRBS,Robinson Delivery Base,DBRBS,Robinson Delivery Base,
62,EA361349827HK,FD,98,,2/1/2025 11:37,DBRBS,Robinson Delivery Base,DBRBS,Robinson Delivery Base,
63,EE205882651TH,UA,,,2/1/2025 11:10,DBJRD,Jurong Town Delivery Base,DBJRD,Jurong Town Delivery Base,
64,EE205882651TH,AS,,,2/1/2025 12:43,DBJRD,Jurong Town Delivery Base,DBJRD,Jurong Town Delivery Base,
65,LZRTM1000375902,UA,,,2/1/2025 11:10,DBJRD,Jurong Town Delivery Base,DBJRD,Jurong Town Delivery Base,
66,LZRTM1000375902,AS,,,2/1/2025 12:43,DBJRD,Jurong Town Delivery Base,DBJRD,Jurong Town Delivery Base,
67,LZSGCN015459183,UA,,,2/1/2025 10:46,DBBDD,Bedok Central Delivery Base,DBBDD,Bedok Central Delivery Base,
68,LZSGCN015459183,RU,,,2/1/2025 10:44,,,,,
69,LZSGCN015459183,DB,43,,2/1/2025 10:50,DBBDD,Bedok Central Delivery Base,DBBDD,Bedok Central Delivery Base,
70,LZSGCN015459183,FD,98,,2/1/2025 10:52,DBBDD,Bedok Central Delivery Base,DBBDD,Bedok Central Delivery Base,
71,LZSGCN015463154,RU,,,2/1/2025 10:32,,,,,
72,LZSGCN015463154,UA,,,2/1/2025 10:32,DBGMD,Ghim Moh Delivery Base,DBGMD,Ghim Moh Delivery Base,
73,LZSGCN015463154,FD,98,,2/1/2025 10:34,DBGMD,Ghim Moh Delivery Base,DBGMD,Ghim Moh Delivery Base,
74,LZSGCN015499410,UA,,,2/1/2025 11:10,DBJRD,Jurong Town Delivery Base,DBJRD,Jurong Town Delivery Base,
75,LZSGCN015499410,AS,,,2/1/2025 12:43,DBJRD,Jurong Town Delivery Base,DBJRD,Jurong Town Delivery Base,
76,LZSGCN015514635,UA,,,2/1/2025 10:38,DBRBS,Robinson Delivery Base,DBRBS,Robinson Delivery Base,
77,LZSGCN015514635,DB,43,,2/1/2025 12:11,DBRBS,Robinson Delivery Base,DBRBS,Robinson Delivery Base,
78,LZSGCN015514635,HI,,,2/1/2025 12:11,DBRBS,Robinson Delivery Base,DBRBS,Robinson Delivery Base,
79,LZSGCN015517322,UA,,,2/1/2025 10:19,DBMPD,Macpherson Road Delivery Base,DBMPD,Macpherson Road Delivery Base,
80,LZSGCN015517322,UA,,,2/1/2025 11:09,DBMPD,Macpherson Road Delivery Base,DBMPD,Macpherson Road Delivery Base,
81,LZSGCN015517322,FD,98,,2/1/2025 11:19,DBMPD,Macpherson Road Delivery Base,DBMPD,Macpherson Road Delivery Base,
82,LZSGCN015523081,UA,,,2/1/2025 10:47,DBBPD,Bukit Panjang Delivery Base,DBBPD,Bukit Panjang Delivery Base,
83,LZSGCN015523081,DB,43,,2/1/2025 11:46,DBBPD,Bukit Panjang Delivery Base,DBBPD,Bukit Panjang Delivery Base,
84,LZSGCN015523081,HI,,,2/1/2025 12:24,DBBPD,Bukit Panjang Delivery Base,DBBPD,Bukit Panjang Delivery Base,
85,LZSGD1008689937,UA,,,2/1/2025 10:20,DBWDD,Woodlands Delivery Base,DBWDD,Woodlands Delivery Base,
86,LZSGD1008689937,DL,,,2/1/2025 11:41,DBWDD,Woodlands Delivery Base,DBWDD,Woodlands Delivery Base,
87,LZSGD1008812146,RS,,,2/1/2025 13:59,DBTHD,Thomson Road Delivery Base,RM,Transit Logistics (Log Hub),
88,LZSGD1008815388,AS,,,2/1/2025 12:49,DBSWD,Sembawang Delivery Base,DBSWD,Sembawang Delivery Base,
89,LZSGD1008816407,CC,,,2/1/2025 19:51,,,,,
90,LZSGD1008816512,RS,,,2/1/2025 13:59,DBTHD,Thomson Road Delivery Base,RM,Transit Logistics (Log Hub),
91,LZSGD1008816786,CC,,,2/1/2025 17:07,,,,,
92,LZSGD1008817003,CC,,,2/1/2025 21:38,,,,,
93,LZSGD1008817620,RS,,,2/1/2025 13:59,DBTHD,Thomson Road Delivery Base,RM,Transit Logistics (Log Hub),
94,LZSGD1008818453,AS,,,2/1/2025 11:54,DBCMD,Clementi Delivery Base,DBCMD,Clementi Delivery Base,
95,LZSGD1008818453,RS,,,2/1/2025 11:56,DBCMD,Clementi Delivery Base,RM,Transit Logistics (Log Hub),
96,LZSGD1008818779,RU,,,2/1/2025 9:08,,,,,
97,LZSGD1008818779,UA,,,2/1/2025 9:15,DBCMD,Clementi Delivery Base,DBCMD,Clementi Delivery Base,
98,LZSGD1008818779,FD,98,,2/1/2025 9:26,DBCMD,Clementi Delivery Base,DBCMD,Clementi Delivery Base,
99,LZSGD1008818820,CC,,,2/1/2025 21:15,,,,,
100,LZSGD1008819402,RU,,,2/1/2025 11:08,,,,,
101,LZSGD1008819402,UA,,,2/1/2025 11:34,DBBLD,Boon Lay Delivery Base,DBBLD,Boon Lay Delivery Base,
102,LZSGD1008819402,DB,43,,2/1/2025 12:15,DBBLD,Boon Lay Delivery Base,DBBLD,Boon Lay Delivery Base,
103,LZSGD1008819402,HI,,,2/1/2025 12:56,DBBLD,Boon Lay Delivery Base,DBBLD,Boon Lay Delivery Base,
104,LZSGD1008819669,CC,,,2/1/2025 9:20,,,,,
105,LZSGD1008822162,RS,,,2/1/2025 12:19,DBJRD,Jurong Town Delivery Base,RM,Transit Logistics (Log Hub),
106,LZSGD1008822305,RS,,,2/1/2025 13:08,DBCHI,Changi Delivery Base,RM,Transit Logistics (Log Hub),
107,LZSGD1008822490,RS,,,2/1/2025 12:19,DBJRD,Jurong Town Delivery Base,RM,Transit Logistics (Log Hub),
108,LZSGD1008823231,CC,,,2/1/2025 16:33,,,,,
109,LZSGD1008824044,AS,,,2/1/2025 12:49,DBSWD,Sembawang Delivery Base,DBSWD,Sembawang Delivery Base,
110,LZSGD1008824320,CC,,,2/1/2025 17:32,,,,,
111,LZSGD1008824878,RS,,,2/1/2025 13:59,DBTHD,Thomson Road Delivery Base,RM,Transit Logistics (Log Hub),
112,LZSGD1008825659,RS,,,2/1/2025 13:59,DBTHD,Thomson Road Delivery Base,RM,Transit Logistics (Log Hub),
113,LZSGD1008826059,RS,,,2/1/2025 13:08,DBCHI,Changi Delivery Base,RM,Transit Logistics (Log Hub),
114,LZSGD1008826386,RS,,,2/1/2025 13:59,DBTHD,Thomson Road Delivery Base,RM,Transit Logistics (Log Hub),
115,LZSGD1008826672,UA,,,2/1/2025 9:04,DBTPD,Toa Payoh Central Delivery Base,DBTPD,Toa Payoh Central Delivery Base,
116,LZSGD1008826672,DL,,,2/1/2025 11:24,DBTPD,Toa Payoh Central Delivery Base,DBTPD,Toa Payoh Central Delivery Base,
117,LZSGD1008826953,UA,,,2/1/2025 11:10,DBJRD,Jurong Town Delivery Base,DBJRD,Jurong Town Delivery Base,
118,LZSGD1008826953,AS,,,2/1/2025 12:43,DBJRD,Jurong Town Delivery Base,DBJRD,Jurong Town Delivery Base,
119,LZSGD1008826991,RS,,,2/1/2025 13:59,DBTHD,Thomson Road Delivery Base,RM,Transit Logistics (Log Hub),
120,LZSGD1008827004,CC,,,2/1/2025 14:04,,,,,
121,LZSGD1008827352,RS,,,2/1/2025 12:19,DBJRD,Jurong Town Delivery Base,RM,Transit Logistics (Log Hub),
122,LZSGD1008827716,CC,,,2/1/2025 16:49,,,,,
123,LZSGD1008827809,CC,,,2/1/2025 15:30,,,,,
124,LZSGD1008828892,RS,,,2/1/2025 12:19,DBJRD,Jurong Town Delivery Base,RM,Transit Logistics (Log Hub),
125,LZSGD1008829859,RS,,,2/1/2025 13:59,DBTHD,Thomson Road Delivery Base,RM,Transit Logistics (Log Hub),
126,LZSGD1008830214,RS,,,2/1/2025 12:19,DBJRD,Jurong Town Delivery Base,RM,Transit Logistics (Log Hub),
127,LZSGD1008830364,CC,,,2/1/2025 20:39,,,,,
128,LZSGD1008831289,CC,,,2/1/2025 13:34,,,,,
129,LZSGD1008831919,CC,,,2/1/2025 12:18,,,,,
130,LZSGD1008831989,AS,,,2/1/2025 12:49,DBSWD,Sembawang Delivery Base,DBSWD,Sembawang Delivery Base,
131,LZSGD1008831992,RS,,,2/1/2025 12:19,DBJRD,Jurong Town Delivery Base,RM,Transit Logistics (Log Hub),
132,LZSGD1008832899,RS,,,2/1/2025 13:59,DBTHD,Thomson Road Delivery Base,RM,Transit Logistics (Log Hub),
133,LZSGD1008833009,RS,,,2/1/2025 12:05,DBWDD,Woodlands Delivery Base,RM,Transit Logistics (Log Hub),
134,LZSGD1008833393,DL,,,2/1/2025 9:14,DBALD,Alexandra Delivery Base,DBALD,Alexandra Delivery Base,
135,LZSGD1008833463,RS,,,2/1/2025 13:59,DBTHD,Thomson Road Delivery Base,RM,Transit Logistics (Log Hub),
136,LZSGD1008833470,RS,,,2/1/2025 13:59,DBTHD,Thomson Road Delivery Base,RM,Transit Logistics (Log Hub),
137,LZSGD1008833478,RU,,,2/1/2025 10:37,,,,,
138,LZSGD1008833478,UA,,,2/1/2025 10:51,DBBDD,Bedok Central Delivery Base,DBBDD,Bedok Central Delivery Base,
139,LZSGD1008833478,FD,98,,2/1/2025 10:52,DBBDD,Bedok Central Delivery Base,DBBDD,Bedok Central Delivery Base,
140,LZSGD1008833719,RS,,,2/1/2025 13:59,DBTHD,Thomson Road Delivery Base,RM,Transit Logistics (Log Hub),
141,LZSGD1008834131,CC,,,2/1/2025 12:31,,,,,
142,LZSGD1008834618,CC,,,2/1/2025 16:16,,,,,
143,LZSGD1008834833,CC,,,2/1/2025 23:05,,,,,
144,LZSGD1008834836,CC,,,2/1/2025 16:27,,,,,
145,LZSGD1008834981,UA,,,2/1/2025 10:54,DBJRD,Jurong Town Delivery Base,DBJRD,Jurong Town Delivery Base,
146,LZSGD1008834981,FD,98,,2/1/2025 11:45,DBJRD,Jurong Town Delivery Base,DBJRD,Jurong Town Delivery Base,
147,LZSGD1008835082,CC,,,2/1/2025 16:31,,,,,
148,LZSGD1008835267,CC,,,2/1/2025 18:53,,,,,
149,LZSGD1008835339,CC,,,2/1/2025 19:13,,,,,
150,LZSGD1008835387,CC,,,2/1/2025 19:18,,,,,
151,LZSGD1008835492,CC,,,2/1/2025 10:28,,,,,
152,LZSGD1008835513,CC,,,2/1/2025 16:44,,,,,
153,LZSGD1008835943,CC,,,2/1/2025 19:14,,,,,
154,LZSGD1008835962,CC,,,2/1/2025 12:57,,,,,
155,LZSGD1008836078,UA,,,2/1/2025 10:41,DBWDD,Woodlands Delivery Base,DBWDD,Woodlands Delivery Base,
156,LZSGD1008836078,DL,,,2/1/2025 11:02,DBWDD,Woodlands Delivery Base,DBWDD,Woodlands Delivery Base,
157,LZSGD1008836086,CC,,,2/1/2025 17:07,,,,,
158,LZSGD1008836203,CC,,,2/1/2025 11:53,,,,,
159,LZSGD1008836286,CC,,,2/1/2025 14:56,,,,,
160,LZSGD1008836318,CC,,,2/1/2025 20:16,,,,,
161,LZSGD1008836411,CC,,,2/1/2025 15:10,,,,,
162,LZSGD1008836520,CC,,,2/1/2025 13:52,,,,,
163,LZSGD1008836624,CC,,,2/1/2025 17:45,,,,,
164,LZSGD1008836769,CC,,,2/1/2025 16:49,,,,,
165,LZSGD1008836826,CC,,,2/1/2025 17:17,,,,,
166,LZSGD1008836990,CC,,,2/1/2025 11:48,,,,,
167,LZSGD1008837049,CC,,,2/1/2025 21:22,,,,,
168,LZSGD1008837083,CC,,,2/1/2025 11:12,,,,,
169,LZSGD1008837121,CC,,,2/1/2025 17:07,,,,,
170,LZSGD1008837219,CC,,,2/1/2025 17:14,,,,,
171,LZSGD1008837249,CC,,,2/2/2025 0:03,,,,,
172,LZSGD1008837294,CC,,,2/1/2025 19:04,,,,,
173,LZSGD1008837423,CC,,,2/1/2025 19:44,,,,,
174,LZSGD1008837569,CC,,,2/1/2025 13:28,,,,,
175,LZSGD1008837875,CC,,,2/1/2025 9:22,,,,,
176,LZSGD1008837894,CC,,,2/1/2025 17:01,,,,,
177,LZSGD1008838454,CC,,,2/1/2025 16:05,,,,,
178,LZSGD1008838533,CC,,,2/1/2025 19:07,,,,,
179,LZSGD1008838682,CC,,,2/1/2025 10:02,,,,,
180,LZSGD1008838831,CC,,,2/1/2025 10:16,,,,,
181,LZSGD1008838995,CC,,,2/1/2025 18:50,,,,,
182,LZSGD1008839058,CC,,,2/1/2025 16:10,,,,,
183,LZSGD1008839198,CC,,,2/1/2025 11:41,,,,,
184,LZSGD1008839372,CC,,,2/1/2025 10:58,,,,,
185,LZSGD1008839382,CC,,,2/1/2025 9:20,,,,,
186,LZSGD1008839769,CC,,,2/1/2025 19:58,,,,,
187,LZSGD1008839814,CC,,,2/1/2025 22:05,,,,,
188,LZSGD1008840016,CC,,,2/1/2025 17:16,,,,,
189,LZSGD1008840403,CC,,,2/1/2025 15:22,,,,,
190,LZSGD1008840446,UA,,,2/1/2025 9:06,DBPLD,Paya Lebar Delivery Base,DBPLD,Paya Lebar Delivery Base,
191,LZSGD1008840446,DL,,,2/1/2025 9:49,DBPLD,Paya Lebar Delivery Base,DBPLD,Paya Lebar Delivery Base,
192,LZSGD1008840446,CC,,,2/1/2025 14:11,,,,,
193,LZSGD1008840555,UA,,,2/1/2025 10:16,DBRBS,Robinson Delivery Base,DBRBS,Robinson Delivery Base,
194,LZSGD1008840555,FD,98,,2/1/2025 11:35,DBRBS,Robinson Delivery Base,DBRBS,Robinson Delivery Base,
195,LZSGD1008840923,UA,,,2/1/2025 9:54,DBCHI,Changi Delivery Base,DBCHI,Changi Delivery Base,
196,LZSGD1008840923,DL,,,2/1/2025 12:12,DBCHI,Changi Delivery Base,DBCHI,Changi Delivery Base,
197,LZSGD1008841016,UA,,,2/1/2025 8:02,DBTBD,Tiong Bahru Delivery Base,DBTBD,Tiong Bahru Delivery Base,
198,LZSGD1008841016,DL,,,2/1/2025 8:55,DBTBD,Tiong Bahru Delivery Base,DBTBD,Tiong Bahru Delivery Base,
199,LZSGD1008841016,CC,,,2/1/2025 10:46,,,,,
200,LZSGD1008842729,AS,,,2/1/2025 12:10,DBSWD,Sembawang Delivery Base,DBSWD,Sembawang Delivery Base,
201,LZSGD1008843766,UA,,,2/1/2025 10:05,DBOCD,Orchard Delivery Base,DBOCD,Orchard Delivery Base,
202,LZSGD1008843766,DL,,,2/1/2025 10:47,DBOCD,Orchard Delivery Base,DBOCD,Orchard Delivery Base,
203,LZSGD1008843860,UA,,,2/1/2025 10:15,DBJKD,Jalan Kayu Delivery Base,DBJKD,Jalan Kayu Delivery Base,
204,LZSGD1008845654,UA,,,2/1/2025 10:13,DBBPD,Bukit Panjang Delivery Base,DBBPD,Bukit Panjang Delivery Base,
205,LZSGD1008845654,DL,,,2/1/2025 11:27,DBBPD,Bukit Panjang Delivery Base,DBBPD,Bukit Panjang Delivery Base,
206,LZSGD1008846554,UA,,,2/1/2025 12:26,DBJKD,Jalan Kayu Delivery Base,DBJKD,Jalan Kayu Delivery Base,
207,LZSGD1008846554,DL,,,2/1/2025 12:34,DBJKD,Jalan Kayu Delivery Base,DBJKD,Jalan Kayu Delivery Base,
208,LZSGD1008846741,UA,,,2/1/2025 10:15,DBJKD,Jalan Kayu Delivery Base,DBJKD,Jalan Kayu Delivery Base,
209,LZSGD1008850632,AS,,,2/1/2025 12:05,DBCMD,Clementi Delivery Base,DBCMD,Clementi Delivery Base,
210,LZSGD1008850909,AS,,,2/1/2025 12:05,DBCMD,Clementi Delivery Base,DBCMD,Clementi Delivery Base,
211,LZSGD1008851693,AS,,,2/1/2025 12:59,DBBLD,Boon Lay Delivery Base,DBBLD,Boon Lay Delivery Base,
212,LZSGD1008851825,AS,,,2/1/2025 12:59,DBBLD,Boon Lay Delivery Base,DBBLD,Boon Lay Delivery Base,
213,LZSGD1008851946,AS,,,2/1/2025 12:03,DBTLD,Tanglin Delivery Base,DBTLD,Tanglin Delivery Base,
214,LZSGD1008852006,AS,,,2/1/2025 12:59,DBBLD,Boon Lay Delivery Base,DBBLD,Boon Lay Delivery Base,
215,LZSGD1008852036,AS,,,2/1/2025 12:03,DBTLD,Tanglin Delivery Base,DBTLD,Tanglin Delivery Base,
216,LZSGD1008852114,AS,,,2/1/2025 12:03,DBTLD,Tanglin Delivery Base,DBTLD,Tanglin Delivery Base,
217,LZSGD1008852115,AS,,,2/1/2025 12:03,DBTLD,Tanglin Delivery Base,DBTLD,Tanglin Delivery Base,
218,LZSGD1008852376,UA,,,2/1/2025 8:02,DBTLD,Tanglin Delivery Base,DBTLD,Tanglin Delivery Base,
219,LZSGD1008852376,DL,,,2/1/2025 9:57,DBTLD,Tanglin Delivery Base,DBTLD,Tanglin Delivery Base,
220,LZSGD1008852687,UA,,,2/1/2025 9:43,DBBDD,Bedok Central Delivery Base,DBBDD,Bedok Central Delivery Base,
221,LZSGD1008852687,DL,,,2/1/2025 11:20,DBBDD,Bedok Central Delivery Base,DBBDD,Bedok Central Delivery Base,
222,LZSGD1008852747,FD,98,,2/1/2025 9:11,DBCHI,Changi Delivery Base,DBCHI,Changi Delivery Base,
223,LZSGD1008852846,UA,,,2/1/2025 10:23,DBGYD,Geylang Delivery Base,DBGYD,Geylang Delivery Base,
224,LZSGD1008852846,DL,,,2/1/2025 11:03,DBGYD,Geylang Delivery Base,DBGYD,Geylang Delivery Base,
225,LZSGD1008852846,CC,,,2/1/2025 11:36,,,,,
226,LZSGD1008852981,UA,,,2/1/2025 8:14,DBSWD,Sembawang Delivery Base,DBSWD,Sembawang Delivery Base,
227,LZSGD1008852981,DL,,,2/1/2025 8:57,DBSWD,Sembawang Delivery Base,DBSWD,Sembawang Delivery Base,
228,LZSGD1008852981,CC,,,2/1/2025 17:26,,,,,
229,LZSGD1008853282,UA,,,2/1/2025 10:16,DBFRD,Farrer Delivery Base,DBFRD,Farrer Delivery Base,
230,LZSGD1008853282,DL,,,2/1/2025 11:12,DBFRD,Farrer Delivery Base,DBFRD,Farrer Delivery Base,
231,LZSGD1008853334,AS,,,2/1/2025 12:43,DBTLD,Tanglin Delivery Base,DBTLD,Tanglin Delivery Base,
232,LZSGD1008853589,AS,,,2/1/2025 12:59,DBBLD,Boon Lay Delivery Base,DBBLD,Boon Lay Delivery Base,
233,LZSGD1008854144,AS,,,2/1/2025 12:59,DBBLD,Boon Lay Delivery Base,DBBLD,Boon Lay Delivery Base,
234,LZSGD1008854868,AS,,,2/1/2025 12:59,DBBLD,Boon Lay Delivery Base,DBBLD,Boon Lay Delivery Base,
235,LZSGD1008855938,AS,,,2/1/2025 12:41,DBSWD,Sembawang Delivery Base,DBSWD,Sembawang Delivery Base,
236,LZSGD1008856071,AS,,,2/1/2025 12:41,DBSWD,Sembawang Delivery Base,DBSWD,Sembawang Delivery Base,
237,LZSGW4001535389,CC,,,2/1/2025 14:32,,,,,
238,LZSGW4001535560,CC,,,2/1/2025 14:37,,,,,
239,LZSGW4001535718,CC,,,2/1/2025 9:56,,,,,
240,LZSGW4001535749,CC,,,2/1/2025 16:25,,,,,
241,LZSGW4001535826,CC,,,2/1/2025 20:12,,,,,
242,LZSGW4001535949,CC,,,2/1/2025 10:10,,,,,
243,LZSGW4001535979,CC,,,2/1/2025 14:14,,,,,
244,LZSGW4001536005,CC,,,2/1/2025 19:00,,,,,
245,LZSGW4001536068,CC,,,2/1/2025 9:23,,,,,
246,MY37241189952,CC,,,2/1/2025 17:55,,,,,
247,NSV000000291840,CC,,,2/1/2025 18:47,,,,,
248,RC254004522MY,RP,,,2/1/2025 13:11,POTPC,Toa Payoh Central,POTPC,Toa Payoh Central,
249,RC254004567MY,RP,,,2/1/2025 12:11,POBBC,Bukit Batok Central,POBBC,Bukit Batok Central,
250,RD518614365CN,RP,,,2/1/2025 11:02,POSKC,Sengkang Central,POSKC,Sengkang Central,
251,RE133091191NL,RP,,,2/1/2025 12:49,POTWR,Towner,POTWR,Towner,
252,RE133091205NL,RP,,,2/1/2025 12:49,POTWR,Towner,POTWR,Towner,
253,RE171710757NL,RP,,,2/1/2025 9:32,POGME,Ghim Moh Estate,POGME,Ghim Moh Estate,
254,RE475404322PT,RP,,,2/1/2025 9:10,POKLR,Killiney Road,POKLR,Killiney Road,
255,RF445861451GB,RP,,,2/1/2025 10:47,POCCK,Choa Chu Kang Central,POCCK,Choa Chu Kang Central,
256,RF893444920US,RP,,,2/1/2025 9:08,POKLR,Killiney Road,POKLR,Killiney Road,
257,RF893444933US,RP,,,2/1/2025 9:08,POKLR,Killiney Road,POKLR,Killiney Road,
258,RG531740592HR,RP,,,2/1/2025 9:32,POGME,Ghim Moh Estate,POGME,Ghim Moh Estate,
259,RH004168103US,RP,,,2/1/2025 9:32,POGME,Ghim Moh Estate,POGME,Ghim Moh Estate,
260,RH004169832US,RP,,,2/1/2025 9:10,POBRB,Bras Basah,POBRB,Bras Basah,
261,RK085162868GB,RP,,,2/1/2025 10:40,POKLR,Killiney Road,POKLR,Killiney Road,
262,RM124890321IN,RP,,,2/1/2025 11:18,POTNC,Tampines Central,POTNC,Tampines Central,
263,RM124890321IN,PD,,,2/1/2025 12:31,PO009,POPStop Tampines Central,PO009,POPStop Tampines Central,
264,RM712106011IN,RP,,,2/1/2025 11:23,POTNC,Tampines Central,POTNC,Tampines Central,
265,RM712106334IN,RP,,,2/1/2025 11:23,POTNC,Tampines Central,POTNC,Tampines Central,
266,RM712106728IN,RP,,,2/1/2025 11:23,POTNC,Tampines Central,POTNC,Tampines Central,
267,RM895778537IN,RP,,,2/1/2025 12:47,POTWR,Towner,POTWR,Towner,
268,RN834394621GB,RP,,,2/1/2025 9:32,POGME,Ghim Moh Estate,POGME,Ghim Moh Estate,
269,RNAMZ00066611,AS,,,2/1/2025 12:10,DBGMD,Ghim Moh Delivery Base,DBGMD,Ghim Moh Delivery Base,
270,RNAMZ00071111,AS,,,2/1/2025 12:05,DBCMD,Clementi Delivery Base,DBCMD,Clementi Delivery Base,
271,RNAMZ00072593,AS,,,2/1/2025 12:56,DBBPD,Bukit Panjang Delivery Base,DBBPD,Bukit Panjang Delivery Base,
272,RNAMZ00077240,AS,,,2/1/2025 12:56,DBBPD,Bukit Panjang Delivery Base,DBBPD,Bukit Panjang Delivery Base,
273,RNAMZ00079045,AS,,,2/1/2025 12:28,DBSWD,Sembawang Delivery Base,DBSWD,Sembawang Delivery Base,
274,RNAMZ00079060,AS,,,2/1/2025 12:05,DBCMD,Clementi Delivery Base,DBCMD,Clementi Delivery Base,
275,RNAMZ00079073,AS,,,2/1/2025 12:05,DBCMD,Clementi Delivery Base,DBCMD,Clementi Delivery Base,
276,RNAMZ00079076,AS,,,2/1/2025 12:56,DBBPD,Bukit Panjang Delivery Base,DBBPD,Bukit Panjang Delivery Base,
277,RNAMZ00079077,AS,,,2/1/2025 12:28,DBSWD,Sembawang Delivery Base,DBSWD,Sembawang Delivery Base,
278,RNAMZ00079078,AS,,,2/1/2025 12:28,DBSWD,Sembawang Delivery Base,DBSWD,Sembawang Delivery Base,
279,RNAMZ00079190,AS,,,2/1/2025 12:56,DBBPD,Bukit Panjang Delivery Base,DBBPD,Bukit Panjang Delivery Base,
280,RNAMZ00079191,AS,,,2/1/2025 12:56,DBBPD,Bukit Panjang Delivery Base,DBBPD,Bukit Panjang Delivery Base,
281,RNAMZ00079242,AS,,,2/1/2025 12:56,DBBPD,Bukit Panjang Delivery Base,DBBPD,Bukit Panjang Delivery Base,
282,RNAMZ00079836,AS,,,2/1/2025 12:56,DBBPD,Bukit Panjang Delivery Base,DBBPD,Bukit Panjang Delivery Base,
283,RNAMZ00079838,AS,,,2/1/2025 12:28,DBSWD,Sembawang Delivery Base,DBSWD,Sembawang Delivery Base,
284,RNAMZ00080179,AS,,,2/1/2025 12:56,DBBPD,Bukit Panjang Delivery Base,DBBPD,Bukit Panjang Delivery Base,
285,RNAMZ00080734,AS,,,2/1/2025 12:56,DBBPD,Bukit Panjang Delivery Base,DBBPD,Bukit Panjang Delivery Base,
286,RNAMZ00080805,AS,,,2/1/2025 12:10,DBGMD,Ghim Moh Delivery Base,DBGMD,Ghim Moh Delivery Base,
287,RNAMZ00080880,AS,,,2/1/2025 12:10,DBGMD,Ghim Moh Delivery Base,DBGMD,Ghim Moh Delivery Base,
288,RNAMZ00080888,AS,,,2/1/2025 12:05,DBCMD,Clementi Delivery Base,DBCMD,Clementi Delivery Base,
289,RNESW00200666,AS,,,2/1/2025 12:56,DBBPD,Bukit Panjang Delivery Base,DBBPD,Bukit Panjang Delivery Base,
290,RNESW00200668,AS,,,2/1/2025 12:12,DBBPD,Bukit Panjang Delivery Base,DBBPD,Bukit Panjang Delivery Base,
291,RNESW00200672,AS,,,2/1/2025 11:54,DBCMD,Clementi Delivery Base,DBCMD,Clementi Delivery Base,
292,RNESW00200686,AS,,,2/1/2025 12:56,DBBPD,Bukit Panjang Delivery Base,DBBPD,Bukit Panjang Delivery Base,
293,RNESW00200696,AS,,,2/1/2025 12:28,DBSWD,Sembawang Delivery Base,DBSWD,Sembawang Delivery Base,
294,RNESW00200699,AS,,,2/1/2025 12:41,DBSWD,Sembawang Delivery Base,DBSWD,Sembawang Delivery Base,
295,RNEZY00579750,AS,,,2/1/2025 12:28,DBSWD,Sembawang Delivery Base,DBSWD,Sembawang Delivery Base,
296,RNEZY00580291,AS,,,2/1/2025 12:41,DBSWD,Sembawang Delivery Base,DBSWD,Sembawang Delivery Base,
297,RNLZD10361648,AS,,,2/1/2025 12:44,DBGMD,Ghim Moh Delivery Base,DBGMD,Ghim Moh Delivery Base,
298,RNLZD10362347,AS,,,2/1/2025 12:04,DBGMD,Ghim Moh Delivery Base,DBGMD,Ghim Moh Delivery Base,
299,RNLZD10363030,UA,,,2/1/2025 11:10,DBJRD,Jurong Town Delivery Base,DBJRD,Jurong Town Delivery Base,
300,RNLZD10363030,AS,,,2/1/2025 12:43,DBJRD,Jurong Town Delivery Base,DBJRD,Jurong Town Delivery Base,
301,RNLZD10364084,AS,,,2/1/2025 11:54,DBCMD,Clementi Delivery Base,DBCMD,Clementi Delivery Base,
302,RNLZD10364381,AS,,,2/1/2025 12:56,DBBPD,Bukit Panjang Delivery Base,DBBPD,Bukit Panjang Delivery Base,
303,RNLZD10364485,AS,,,2/1/2025 12:44,DBGMD,Ghim Moh Delivery Base,DBGMD,Ghim Moh Delivery Base,
304,RNLZD10364603,AS,,,2/1/2025 12:56,DBBPD,Bukit Panjang Delivery Base,DBBPD,Bukit Panjang Delivery Base,
305,RNSHP0000134,AS,,,2/1/2025 12:28,DBSWD,Sembawang Delivery Base,DBSWD,Sembawang Delivery Base,
306,RNSHS00631451,UA,,,2/1/2025 10:38,DBRBS,Robinson Delivery Base,DBRBS,Robinson Delivery Base,
307,RNSHS00631451,DB,43,,2/1/2025 12:11,DBRBS,Robinson Delivery Base,DBRBS,Robinson Delivery Base,
308,RNSHS00631451,HI,,,2/1/2025 12:11,DBRBS,Robinson Delivery Base,DBRBS,Robinson Delivery Base,
309,RNSHS00631900,UA,,,2/1/2025 11:10,DBJRD,Jurong Town Delivery Base,DBJRD,Jurong Town Delivery Base,
310,RNSHS00631900,AS,,,2/1/2025 12:43,DBJRD,Jurong Town Delivery Base,DBJRD,Jurong Town Delivery Base,
311,RNSHS00632019,UA,,,2/1/2025 11:10,DBJRD,Jurong Town Delivery Base,DBJRD,Jurong Town Delivery Base,
312,RNSHS00632019,AS,,,2/1/2025 12:43,DBJRD,Jurong Town Delivery Base,DBJRD,Jurong Town Delivery Base,
313,RNSHS00632478,AS,,,2/1/2025 12:56,DBBPD,Bukit Panjang Delivery Base,DBBPD,Bukit Panjang Delivery Base,
314,RNSHS00632744,UA,,,2/1/2025 11:10,DBJRD,Jurong Town Delivery Base,DBJRD,Jurong Town Delivery Base,
315,RNSHS00632744,AS,,,2/1/2025 12:43,DBJRD,Jurong Town Delivery Base,DBJRD,Jurong Town Delivery Base,
316,RNSHS00633059,UA,,,2/1/2025 10:39,DBJRD,Jurong Town Delivery Base,DBJRD,Jurong Town Delivery Base,
317,RNSHS00633059,FD,98,,2/1/2025 12:01,DBJRD,Jurong Town Delivery Base,DBJRD,Jurong Town Delivery Base,
318,RNSHS00633149,UA,,,2/1/2025 10:38,DBRBS,Robinson Delivery Base,DBRBS,Robinson Delivery Base,
319,RNSHS00633149,DB,43,,2/1/2025 12:11,DBRBS,Robinson Delivery Base,DBRBS,Robinson Delivery Base,
320,RNSHS00633149,HI,,,2/1/2025 12:11,DBRBS,Robinson Delivery Base,DBRBS,Robinson Delivery Base,
321,RNSHS00633169,UA,,,2/1/2025 11:10,DBJRD,Jurong Town Delivery Base,DBJRD,Jurong Town Delivery Base,
322,RNSHS00633169,AS,,,2/1/2025 12:43,DBJRD,Jurong Town Delivery Base,DBJRD,Jurong Town Delivery Base,
323,RNSHS00633553,AS,,,2/1/2025 12:28,DBSWD,Sembawang Delivery Base,DBSWD,Sembawang Delivery Base,
324,RNSHS00633565,AS,,,2/1/2025 12:12,DBBPD,Bukit Panjang Delivery Base,DBBPD,Bukit Panjang Delivery Base,
325,RNSHS00633581,UA,,,2/1/2025 11:10,DBJRD,Jurong Town Delivery Base,DBJRD,Jurong Town Delivery Base,
326,RNSHS00633581,AS,,,2/1/2025 12:43,DBJRD,Jurong Town Delivery Base,DBJRD,Jurong Town Delivery Base,
327,RNSHS00633587,AS,,,2/1/2025 12:56,DBBPD,Bukit Panjang Delivery Base,DBBPD,Bukit Panjang Delivery Base,
328,RNSHS00633588,AS,,,2/1/2025 12:56,DBBPD,Bukit Panjang Delivery Base,DBBPD,Bukit Panjang Delivery Base,
329,RNSHS00633666,AS,,,2/1/2025 12:10,DBGMD,Ghim Moh Delivery Base,DBGMD,Ghim Moh Delivery Base,
330,RNSHS00633861,AS,,,2/1/2025 12:05,DBCMD,Clementi Delivery Base,DBCMD,Clementi Delivery Base,
331,RNSHS00633938,AS,,,2/1/2025 12:56,DBBPD,Bukit Panjang Delivery Base,DBBPD,Bukit Panjang Delivery Base,
332,RNSHS00633959,AS,,,2/1/2025 12:10,DBSWD,Sembawang Delivery Base,DBSWD,Sembawang Delivery Base,
333,RNSHS00633973,AS,,,2/1/2025 12:05,DBCMD,Clementi Delivery Base,DBCMD,Clementi Delivery Base,
334,RNSHS00633974,AS,,,2/1/2025 12:05,DBCMD,Clementi Delivery Base,DBCMD,Clementi Delivery Base,
335,RNSHS00634019,UA,,,2/1/2025 11:10,DBJRD,Jurong Town Delivery Base,DBJRD,Jurong Town Delivery Base,
336,RNSHS00634019,AS,,,2/1/2025 12:43,DBJRD,Jurong Town Delivery Base,DBJRD,Jurong Town Delivery Base,
337,RNSHS00634077,AS,,,2/1/2025 12:22,DBCMD,Clementi Delivery Base,DBCMD,Clementi Delivery Base,
338,RNSHS00634079,AS,,,2/1/2025 12:10,DBGMD,Ghim Moh Delivery Base,DBGMD,Ghim Moh Delivery Base,
339,RNSHS00634140,AS,,,2/1/2025 12:28,DBSWD,Sembawang Delivery Base,DBSWD,Sembawang Delivery Base,
340,RNSHS00634187,AS,,,2/1/2025 12:56,DBBPD,Bukit Panjang Delivery Base,DBBPD,Bukit Panjang Delivery Base,
341,RNSHS00634191,UA,,,2/1/2025 11:10,DBJRD,Jurong Town Delivery Base,DBJRD,Jurong Town Delivery Base,
342,RNSHS00634191,AS,,,2/1/2025 12:43,DBJRD,Jurong Town Delivery Base,DBJRD,Jurong Town Delivery Base,
343,RNSHS00634217,AS,,,2/1/2025 12:28,DBSWD,Sembawang Delivery Base,DBSWD,Sembawang Delivery Base,
344,RNSHS00634230,AS,,,2/1/2025 12:05,DBCMD,Clementi Delivery Base,DBCMD,Clementi Delivery Base,
345,RNSHS00634245,AS,,,2/1/2025 12:28,DBSWD,Sembawang Delivery Base,DBSWD,Sembawang Delivery Base,
346,RNSHS00634247,AS,,,2/1/2025 12:28,DBSWD,Sembawang Delivery Base,DBSWD,Sembawang Delivery Base,
347,RNSHS00634265,AS,,,2/1/2025 12:56,DBBPD,Bukit Panjang Delivery Base,DBBPD,Bukit Panjang Delivery Base,
348,RNSHS00634290,AS,,,2/1/2025 12:28,DBSWD,Sembawang Delivery Base,DBSWD,Sembawang Delivery Base,
349,RNSHS00634304,UA,,,2/1/2025 11:10,DBJRD,Jurong Town Delivery Base,DBJRD,Jurong Town Delivery Base,
350,RNSHS00634304,AS,,,2/1/2025 12:43,DBJRD,Jurong Town Delivery Base,DBJRD,Jurong Town Delivery Base,
351,RNSHS00634311,AS,,,2/1/2025 12:56,DBBPD,Bukit Panjang Delivery Base,DBBPD,Bukit Panjang Delivery Base,
352,RNSHS00634312,AS,,,2/1/2025 12:56,DBBPD,Bukit Panjang Delivery Base,DBBPD,Bukit Panjang Delivery Base,
353,RNSHS00634320,AS,,,2/1/2025 12:05,DBCMD,Clementi Delivery Base,DBCMD,Clementi Delivery Base,
354,RNSHS00634328,AS,,,2/1/2025 12:28,DBSWD,Sembawang Delivery Base,DBSWD,Sembawang Delivery Base,
355,RNSHS00634382,UA,,,2/1/2025 11:10,DBJRD,Jurong Town Delivery Base,DBJRD,Jurong Town Delivery Base,
356,RNSHS00634382,AS,,,2/1/2025 12:43,DBJRD,Jurong Town Delivery Base,DBJRD,Jurong Town Delivery Base,
357,RNSHS00634387,AS,,,2/1/2025 12:28,DBSWD,Sembawang Delivery Base,DBSWD,Sembawang Delivery Base,
358,RNSHS00634397,AS,,,2/1/2025 12:05,DBCMD,Clementi Delivery Base,DBCMD,Clementi Delivery Base,
359,RNSHS00634401,AS,,,2/1/2025 12:28,DBSWD,Sembawang Delivery Base,DBSWD,Sembawang Delivery Base,
360,RNSHS00634410,AS,,,2/1/2025 12:05,DBCMD,Clementi Delivery Base,DBCMD,Clementi Delivery Base,
361,RNSHS00634412,AS,,,2/1/2025 12:05,DBCMD,Clementi Delivery Base,DBCMD,Clementi Delivery Base,
362,RNSHS00634429,AS,,,2/1/2025 12:00,DBWDD,Woodlands Delivery Base,DBWDD,Woodlands Delivery Base,
363,RNSHS00634456,AS,,,2/1/2025 12:56,DBBPD,Bukit Panjang Delivery Base,DBBPD,Bukit Panjang Delivery Base,
364,RNSHS00634458,AS,,,2/1/2025 12:56,DBBPD,Bukit Panjang Delivery Base,DBBPD,Bukit Panjang Delivery Base,
365,RNSHS00634460,AS,,,2/1/2025 12:00,DBWDD,Woodlands Delivery Base,DBWDD,Woodlands Delivery Base,
366,RNSHS00634473,AS,,,2/1/2025 12:00,DBWDD,Woodlands Delivery Base,DBWDD,Woodlands Delivery Base,
367,RNSHS00634486,AS,,,2/1/2025 12:41,DBSWD,Sembawang Delivery Base,DBSWD,Sembawang Delivery Base,
368,RNSHS00634487,AS,,,2/1/2025 12:10,DBSWD,Sembawang Delivery Base,DBSWD,Sembawang Delivery Base,
369,RNSHS00634580,AS,,,2/1/2025 12:10,DBSWD,Sembawang Delivery Base,DBSWD,Sembawang Delivery Base,
370,RNSHS00634597,AS,,,2/1/2025 12:04,DBGMD,Ghim Moh Delivery Base,DBGMD,Ghim Moh Delivery Base,
371,RNTT000022571,UA,,,2/1/2025 10:38,DBRBS,Robinson Delivery Base,DBRBS,Robinson Delivery Base,
372,RNTT000022571,DB,43,,2/1/2025 12:11,DBRBS,Robinson Delivery Base,DBRBS,Robinson Delivery Base,
373,RNTT000022571,HI,,,2/1/2025 12:11,DBRBS,Robinson Delivery Base,DBRBS,Robinson Delivery Base,
374,RNTT000022658,UA,,,2/1/2025 11:10,DBJRD,Jurong Town Delivery Base,DBJRD,Jurong Town Delivery Base,
375,RNTT000022658,AS,,,2/1/2025 12:43,DBJRD,Jurong Town Delivery Base,DBJRD,Jurong Town Delivery Base,
376,RNTT000023043,AS,,,2/1/2025 12:04,DBGMD,Ghim Moh Delivery Base,DBGMD,Ghim Moh Delivery Base,
377,RNTT000023150,AS,,,2/1/2025 12:41,DBSWD,Sembawang Delivery Base,DBSWD,Sembawang Delivery Base,
378,RNTT000023208,UA,,,2/1/2025 11:10,DBJRD,Jurong Town Delivery Base,DBJRD,Jurong Town Delivery Base,
379,RNTT000023208,AS,,,2/1/2025 12:43,DBJRD,Jurong Town Delivery Base,DBJRD,Jurong Town Delivery Base,
380,RNTT000023421,AS,,,2/1/2025 12:12,DBBPD,Bukit Panjang Delivery Base,DBBPD,Bukit Panjang Delivery Base,
381,RNTT000023554,AS,,,2/1/2025 12:41,DBSWD,Sembawang Delivery Base,DBSWD,Sembawang Delivery Base,
382,RNZAL11167431,AS,,,2/1/2025 12:05,DBCMD,Clementi Delivery Base,DBCMD,Clementi Delivery Base,
383,RNZAL11171331,AS,,,2/1/2025 12:13,DBTED,Telok Blangah Delivery Base,DBTED,Telok Blangah Delivery Base,
384,RNZAL11173904,AS,,,2/1/2025 12:28,DBSWD,Sembawang Delivery Base,DBSWD,Sembawang Delivery Base,
385,RNZAL11173979,AS,,,2/1/2025 12:10,DBGMD,Ghim Moh Delivery Base,DBGMD,Ghim Moh Delivery Base,
386,RNZAL11173999,AS,,,2/1/2025 12:59,DBBLD,Boon Lay Delivery Base,DBBLD,Boon Lay Delivery Base,
387,RNZAL11176199,AS,,,2/1/2025 12:28,DBSWD,Sembawang Delivery Base,DBSWD,Sembawang Delivery Base,
388,RNZAL11176265,AS,,,2/1/2025 12:12,DBBPD,Bukit Panjang Delivery Base,DBBPD,Bukit Panjang Delivery Base,
389,RNZAL11176890,AS,,,2/1/2025 12:56,DBBPD,Bukit Panjang Delivery Base,DBBPD,Bukit Panjang Delivery Base,
390,RNZAL11177730,AS,,,2/1/2025 12:10,DBGMD,Ghim Moh Delivery Base,DBGMD,Ghim Moh Delivery Base,
391,RNZAL11178312,AS,,,2/1/2025 12:56,DBBPD,Bukit Panjang Delivery Base,DBBPD,Bukit Panjang Delivery Base,
392,RNZAL11178489,AS,,,2/1/2025 12:56,DBBPD,Bukit Panjang Delivery Base,DBBPD,Bukit Panjang Delivery Base,
393,RNZAL11178511,AS,,,2/1/2025 12:56,DBBPD,Bukit Panjang Delivery Base,DBBPD,Bukit Panjang Delivery Base,
394,RNZAL11178708,AS,,,2/1/2025 12:56,DBBPD,Bukit Panjang Delivery Base,DBBPD,Bukit Panjang Delivery Base,
395,RNZAL11179047,AS,,,2/1/2025 12:10,DBGMD,Ghim Moh Delivery Base,DBGMD,Ghim Moh Delivery Base,
396,RNZAL11179210,AS,,,2/1/2025 12:05,DBCMD,Clementi Delivery Base,DBCMD,Clementi Delivery Base,
397,RNZAL11179268,AS,,,2/1/2025 12:05,DBCMD,Clementi Delivery Base,DBCMD,Clementi Delivery Base,
398,RNZAL11179276,AS,,,2/1/2025 12:05,DBCMD,Clementi Delivery Base,DBCMD,Clementi Delivery Base,
399,RNZAL11179301,AS,,,2/1/2025 12:56,DBBPD,Bukit Panjang Delivery Base,DBBPD,Bukit Panjang Delivery Base,
400,RNZAL11179452,AS,,,2/1/2025 12:56,DBBPD,Bukit Panjang Delivery Base,DBBPD,Bukit Panjang Delivery Base,
401,RNZAL11179559,AS,,,2/1/2025 12:10,DBSWD,Sembawang Delivery Base,DBSWD,Sembawang Delivery Base,
402,RNZAL11179635,AS,,,2/1/2025 12:44,DBGMD,Ghim Moh Delivery Base,DBGMD,Ghim Moh Delivery Base,
403,RNZAL11179720,AS,,,2/1/2025 12:41,DBSWD,Sembawang Delivery Base,DBSWD,Sembawang Delivery Base,
404,RNZAL11179775,AS,,,2/1/2025 12:05,DBCMD,Clementi Delivery Base,DBCMD,Clementi Delivery Base,
405,RNZAL11179831,AS,,,2/1/2025 12:28,DBSWD,Sembawang Delivery Base,DBSWD,Sembawang Delivery Base,
406,RNZAL11179832,AS,,,2/1/2025 12:56,DBBPD,Bukit Panjang Delivery Base,DBBPD,Bukit Panjang Delivery Base,
407,RNZAL11179979,AS,,,2/1/2025 12:56,DBBPD,Bukit Panjang Delivery Base,DBBPD,Bukit Panjang Delivery Base,
408,RNZAL11179981,AS,,,2/1/2025 12:44,DBGMD,Ghim Moh Delivery Base,DBGMD,Ghim Moh Delivery Base,
409,RNZAL11179984,AS,,,2/1/2025 12:05,DBCMD,Clementi Delivery Base,DBCMD,Clementi Delivery Base,
410,RNZAL11180013,AS,,,2/1/2025 12:28,DBSWD,Sembawang Delivery Base,DBSWD,Sembawang Delivery Base,
411,RNZAL11180032,AS,,,2/1/2025 12:56,DBBPD,Bukit Panjang Delivery Base,DBBPD,Bukit Panjang Delivery Base,
412,RNZAL11180100,AS,,,2/1/2025 12:41,DBSWD,Sembawang Delivery Base,DBSWD,Sembawang Delivery Base,
413,RNZAL11180118,AS,,,2/1/2025 12:41,DBSWD,Sembawang Delivery Base,DBSWD,Sembawang Delivery Base,
414,RNZAL11180188,AS,,,2/1/2025 12:56,DBBPD,Bukit Panjang Delivery Base,DBBPD,Bukit Panjang Delivery Base,
415,RNZAL11180213,AS,,,2/1/2025 12:56,DBBPD,Bukit Panjang Delivery Base,DBBPD,Bukit Panjang Delivery Base,
416,RNZAL11180223,AS,,,2/1/2025 12:56,DBBPD,Bukit Panjang Delivery Base,DBBPD,Bukit Panjang Delivery Base,
417,RP307208003US,RP,,,2/1/2025 9:08,POKLR,Killiney Road,POKLR,Killiney Road,
418,RR314646971SG,RP,,,2/1/2025 10:20,POGYL,Geylang,POGYL,Geylang,
419,RR373447906AU,RP,,,2/1/2025 13:11,POTPC,Toa Payoh Central,POTPC,Toa Payoh Central,
420,RR500344821DE,RP,,,2/1/2025 12:47,POTWR,Towner,POTWR,Towner,
421,RR503817874DE,RP,,,2/1/2025 11:18,POTNC,Tampines Central,POTNC,Tampines Central,
422,RR514346337DE,RP,,,2/1/2025 10:20,POGYL,Geylang,POGYL,Geylang,
423,RR514346337DE,PD,,,2/1/2025 11:08,PO048,POPStop Geylang,PO048,POPStop Geylang,
424,RR700756394SG,RP,,,2/1/2025 11:00,POHGC,Hougang Central,POHGC,Hougang Central,
425,RR700756403SG,RP,,,2/1/2025 10:00,POWDL,Woodlands Central,POWDL,Woodlands Central,
426,RR700756519SG,RP,,,2/1/2025 10:58,POCCK,Choa Chu Kang Central,POCCK,Choa Chu Kang Central,
427,RR700756536SG,RP,,,2/1/2025 10:00,POWDL,Woodlands Central,POWDL,Woodlands Central,
428,RR700756553SG,RP,,,2/1/2025 10:58,POCCK,Choa Chu Kang Central,POCCK,Choa Chu Kang Central,
429,RR700756615SG,RP,,,2/1/2025 10:20,POBDC,Bedok Central,POBDC,Bedok Central,
430,RR710189398SG,RP,,,2/1/2025 10:02,POWDL,Woodlands Central,POWDL,Woodlands Central,
431,RR747010061SG,RP,,,2/1/2025 10:02,POWDL,Woodlands Central,POWDL,Woodlands Central,
432,RR747010075SG,RP,,,2/1/2025 12:11,POBBC,Bukit Batok Central,POBBC,Bukit Batok Central,
433,RR747010132SG,RP,,,2/1/2025 11:33,POPGL,Punggol,POPGL,Punggol,
434,RR747010163SG,RP,,,2/1/2025 9:22,POMPR,MacPherson Road,POMPR,MacPherson Road,
435,RR770277744SG,PD,,,2/1/2025 13:25,PO003,POPStop Sengkang Central,PO003,POPStop Sengkang Central,
436,RR770278268SG,RP,,,2/1/2025 11:23,POTNC,Tampines Central,POTNC,Tampines Central,
437,RR770278271SG,RP,,,2/1/2025 11:00,POHGC,Hougang Central,POHGC,Hougang Central,
438,RR770278285SG,RP,,,2/1/2025 11:05,POJRP,Jurong Point,POJRP,Jurong Point,
439,RR770278308SG,RP,,,2/1/2025 11:15,POPGL,Punggol,POPGL,Punggol,
440,RR770278342SG,RP,,,2/1/2025 10:40,POKLR,Killiney Road,POKLR,Killiney Road,
441,RR770278356SG,RP,,,2/1/2025 9:39,POSRC,Serangoon Central,POSRC,Serangoon Central,
442,RR770278360SG,RP,,,2/1/2025 9:02,POKLR,Killiney Road,POKLR,Killiney Road,
443,RR770278387SG,RP,,,2/1/2025 10:02,POWDL,Woodlands Central,POWDL,Woodlands Central,
444,RR770278395SG,RP,,,2/1/2025 10:51,POAKC,Ang Mo Kio Central,POAKC,Ang Mo Kio Central,
445,RR770278413SG,RP,,,2/1/2025 9:08,POKLR,Killiney Road,POKLR,Killiney Road,
446,RR770278427SG,RP,,,2/1/2025 11:04,POSKC,Sengkang Central,POSKC,Sengkang Central,
447,RR770278435SG,RP,,,2/1/2025 13:11,POTPC,Toa Payoh Central,POTPC,Toa Payoh Central,
448,RR770278515SG,RP,,,2/1/2025 9:22,POMPR,MacPherson Road,POMPR,MacPherson Road,
449,RR770278532SG,RP,,,2/1/2025 11:05,POJRP,Jurong Point,POJRP,Jurong Point,
450,RR770278550SG,RP,,,2/1/2025 10:51,POAKC,Ang Mo Kio Central,POAKC,Ang Mo Kio Central,
451,RR770278585SG,RP,,,2/1/2025 12:47,POTWR,Towner,POTWR,Towner,
452,RR770278594SG,RP,,,2/1/2025 9:10,POBRB,Bras Basah,POBRB,Bras Basah,
453,RR770278648SG,RP,,,2/1/2025 11:05,POJRP,Jurong Point,POJRP,Jurong Point,
454,RR770278651SG,RP,,,2/1/2025 10:58,POCCK,Choa Chu Kang Central,POCCK,Choa Chu Kang Central,
455,RR770278665SG,RP,,,2/1/2025 11:02,POSKC,Sengkang Central,POSKC,Sengkang Central,
456,RR770278682SG,RP,,,2/1/2025 9:08,POKLR,Killiney Road,POKLR,Killiney Road,
457,RR770278696SG,PL,,,2/1/2025 10:04,PO041,POPStop Bishan,PO041,POPStop Bishan,
458,RR770278696SG,RP,,,2/1/2025 10:06,POBSH,Bishan,POBSH,Bishan,
459,RR770278719SG,RP,,,2/1/2025 9:22,POMPR,MacPherson Road,POMPR,MacPherson Road,
460,RR770278722SG,RP,,,2/1/2025 11:33,POPGL,Punggol,POPGL,Punggol,
461,RR770278740SG,RP,,,2/1/2025 9:22,POMPR,MacPherson Road,POMPR,MacPherson Road,
462,RR770278753SG,RP,,,2/1/2025 10:50,POAKC,Ang Mo Kio Central,POAKC,Ang Mo Kio Central,
463,RR770278767SG,RP,,,2/1/2025 9:06,POTBR,Tiong Bahru,POTBR,Tiong Bahru,
464,RR770278798SG,RP,,,2/1/2025 11:05,POJRP,Jurong Point,POJRP,Jurong Point,
465,RR770278815SG,RP,,,2/1/2025 12:11,POBBC,Bukit Batok Central,POBBC,Bukit Batok Central,
466,RR770278838SG,RP,,,2/1/2025 11:21,POTGP,Tanjong Pagar,POTGP,Tanjong Pagar,
467,RR770278841SG,RP,,,2/1/2025 12:47,POTWR,Towner,POTWR,Towner,
468,RR770278855SG,RP,,,2/1/2025 11:05,POJRP,Jurong Point,POJRP,Jurong Point,
469,RR770278886SG,RP,,,2/1/2025 10:51,POCSQ,City Square ,POCSQ,City Square ,
470,RR770278926SG,RP,,,2/1/2025 10:47,POBPJ,Bukit Panjang,POBPJ,Bukit Panjang,
471,RR770278930SG,RP,,,2/1/2025 9:23,POCMW,Clementi West,POCMW,Clementi West,
472,RR770278943SG,RP,,,2/1/2025 11:05,POJRP,Jurong Point,POJRP,Jurong Point,
473,RR770278988SG,RP,,,2/1/2025 11:05,POJRP,Jurong Point,POJRP,Jurong Point,
474,RR770278988SG,PD,,,2/1/2025 19:08,PO024,POPStop Jurong Point,PO024,POPStop Jurong Point,
475,RR770279011SG,RP,,,2/1/2025 9:10,POKLR,Killiney Road,POKLR,Killiney Road,
476,RR770279025SG,RP,,,2/1/2025 11:04,POSKC,Sengkang Central,POSKC,Sengkang Central,
477,RR770279144SG,RP,,,2/1/2025 10:02,POWDL,Woodlands Central,POWDL,Woodlands Central,
478,RR770279192SG,RP,,,2/1/2025 12:47,POTWR,Towner,POTWR,Towner,
479,RR770279232SG,RP,,,2/1/2025 9:31,POBMC,Bukit Merah Central,POBMC,Bukit Merah Central,
480,RR770279334SG,RP,,,2/1/2025 11:23,POTNC,Tampines Central,POTNC,Tampines Central,
481,RR770279379SG,RP,,,2/1/2025 10:02,POWDL,Woodlands Central,POWDL,Woodlands Central,
482,RR770279405SG,RP,,,2/1/2025 10:20,POGYL,Geylang,POGYL,Geylang,
483,RR770279498SG,RP,,,2/1/2025 10:02,POWDL,Woodlands Central,POWDL,Woodlands Central,
484,RR770279507SG,RP,,,2/1/2025 10:51,POCSQ,City Square ,POCSQ,City Square ,
485,RR770279612SG,RP,,,2/1/2025 10:20,POBDC,Bedok Central,POBDC,Bedok Central,
486,RR770279630SG,RP,,,2/1/2025 10:00,POWDL,Woodlands Central,POWDL,Woodlands Central,
487,RR770279688SG,RP,,,2/1/2025 12:11,POBBC,Bukit Batok Central,POBBC,Bukit Batok Central,
488,RR770279714SG,RP,,,2/1/2025 10:00,POWDL,Woodlands Central,POWDL,Woodlands Central,
489,RR770279776SG,RP,,,2/1/2025 10:35,POKLR,Killiney Road,POKLR,Killiney Road,
490,RR770279820SG,RP,,,2/1/2025 11:05,POJRP,Jurong Point,POJRP,Jurong Point,
491,RR770279820SG,PD,,,2/1/2025 19:08,PO024,POPStop Jurong Point,PO024,POPStop Jurong Point,
492,RR770279878SG,RP,,,2/1/2025 9:08,POKLR,Killiney Road,POKLR,Killiney Road,
493,RR770279881SG,RP,,,2/1/2025 11:00,POHGC,Hougang Central,POHGC,Hougang Central,
494,RR770279921SG,RP,,,2/1/2025 10:02,POWDL,Woodlands Central,POWDL,Woodlands Central,
495,RR770279949SG,RP,,,2/1/2025 9:22,POMPR,MacPherson Road,POMPR,MacPherson Road,
496,RR770280071SG,RP,,,2/1/2025 10:58,POCCK,Choa Chu Kang Central,POCCK,Choa Chu Kang Central,
497,RR770280085SG,RP,,,2/1/2025 11:00,POHGC,Hougang Central,POHGC,Hougang Central,
498,RR770280125SG,RP,,,2/1/2025 9:23,POCMW,Clementi West,POCMW,Clementi West,
499,RR770280187SG,RP,,,2/1/2025 10:02,POWDL,Woodlands Central,POWDL,Woodlands Central,
500,RR770280213SG,RP,,,2/1/2025 9:22,POMPR,MacPherson Road,POMPR,MacPherson Road,
501,RR770280213SG,PD,,,2/1/2025 11:08,PO015,POPStop MacPherson Road,PO015,POPStop MacPherson Road,
502,RR770280261SG,RP,,,2/1/2025 9:22,POMPR,MacPherson Road,POMPR,MacPherson Road,
503,RR770280350SG,RP,,,2/1/2025 9:49,POSGL,Siglap,POSGL,Siglap,
504,RR770280350SG,PD,,,2/1/2025 10:24,PO049,POPStop Siglap,PO049,POPStop Siglap,
505,RR770280363SG,RP,,,2/1/2025 11:05,POJRP,Jurong Point,POJRP,Jurong Point,
506,RR770280377SG,RP,,,2/1/2025 11:05,POJRP,Jurong Point,POJRP,Jurong Point,
507,RR770280417SG,RP,,,2/1/2025 11:00,POHGC,Hougang Central,POHGC,Hougang Central,
508,RR770280553SG,RP,,,2/1/2025 9:06,POTBR,Tiong Bahru,POTBR,Tiong Bahru,
509,RR770280567SG,RP,,,2/1/2025 10:51,POAKC,Ang Mo Kio Central,POAKC,Ang Mo Kio Central,
510,RR770280615SG,RP,,,2/1/2025 11:00,POHGC,Hougang Central,POHGC,Hougang Central,
511,RR770280624SG,RP,,,2/1/2025 10:00,POWDL,Woodlands Central,POWDL,Woodlands Central,
512,RR770280638SG,RP,,,2/1/2025 13:11,POTPC,Toa Payoh Central,POTPC,Toa Payoh Central,
513,RR770280641SG,RP,,,2/1/2025 12:11,POBBC,Bukit Batok Central,POBBC,Bukit Batok Central,
514,RR770280669SG,RP,,,2/1/2025 11:02,POSKC,Sengkang Central,POSKC,Sengkang Central,
515,RR770280690SG,RP,,,2/1/2025 10:34,POPSR,Pasir Ris,POPSR,Pasir Ris,
516,RR770280765SG,RP,,,2/1/2025 12:47,POTWR,Towner,POTWR,Towner,
517,RR770280774SG,RP,,,2/1/2025 10:58,POCCK,Choa Chu Kang Central,POCCK,Choa Chu Kang Central,
518,RR770280828SG,RP,,,2/1/2025 10:34,POPSR,Pasir Ris,POPSR,Pasir Ris,
519,RR770280862SG,RP,,,2/1/2025 11:05,POJRP,Jurong Point,POJRP,Jurong Point,
520,RR770280876SG,RP,,,2/1/2025 11:20,POTNC,Tampines Central,POTNC,Tampines Central,
521,RR770280893SG,RP,,,2/1/2025 10:50,POAKC,Ang Mo Kio Central,POAKC,Ang Mo Kio Central,
522,RR770280893SG,PD,,,2/1/2025 12:53,PO029,POPStop Ang Mo Kio Central,PO029,POPStop Ang Mo Kio Central,
523,RR770280920SG,RP,,,2/1/2025 10:34,POPSR,Pasir Ris,POPSR,Pasir Ris,
524,RR770280995SG,RP,,,2/1/2025 12:11,POBBC,Bukit Batok Central,POBBC,Bukit Batok Central,
525,RR770281001SG,RP,,,2/1/2025 11:20,POTNC,Tampines Central,POTNC,Tampines Central,
526,RR770281032SG,RP,,,2/1/2025 10:58,POCCK,Choa Chu Kang Central,POCCK,Choa Chu Kang Central,
527,RR770281179SG,RP,,,2/1/2025 11:23,POTNC,Tampines Central,POTNC,Tampines Central,
528,RR770281205SG,RP,,,2/1/2025 9:23,POCMW,Clementi West,POCMW,Clementi West,
529,RR770281298SG,RP,,,2/1/2025 10:47,POBPJ,Bukit Panjang,POBPJ,Bukit Panjang,
530,RR770281338SG,RP,,,2/1/2025 11:23,POTNC,Tampines Central,POTNC,Tampines Central,
531,RR770281369SG,RP,,,2/1/2025 12:47,POTWR,Towner,POTWR,Towner,
532,RR770281386SG,RP,,,2/1/2025 11:04,POSKC,Sengkang Central,POSKC,Sengkang Central,
533,RR770281390SG,RP,,,2/1/2025 9:10,POBRB,Bras Basah,POBRB,Bras Basah,
534,RR770281474SG,RP,,,2/1/2025 10:20,POBDC,Bedok Central,POBDC,Bedok Central,
535,RR770281559SG,PL,,,2/1/2025 10:04,PO041,POPStop Bishan,PO041,POPStop Bishan,
536,RR770281559SG,RP,,,2/1/2025 10:06,POBSH,Bishan,POBSH,Bishan,
537,RR770281562SG,RP,,,2/1/2025 10:58,POCCK,Choa Chu Kang Central,POCCK,Choa Chu Kang Central,
538,RR770281681SG,RP,,,2/1/2025 11:02,POSKC,Sengkang Central,POSKC,Sengkang Central,
539,RR770281681SG,PD,,,2/1/2025 13:25,PO003,POPStop Sengkang Central,PO003,POPStop Sengkang Central,
540,RR770281718SG,RP,,,2/1/2025 10:02,POWDL,Woodlands Central,POWDL,Woodlands Central,
541,RR770281721SG,RP,,,2/1/2025 10:00,POWDL,Woodlands Central,POWDL,Woodlands Central,
542,RR770281735SG,RP,,,2/1/2025 10:34,POPSR,Pasir Ris,POPSR,Pasir Ris,
543,RR770281770SG,RP,,,2/1/2025 10:02,POWDL,Woodlands Central,POWDL,Woodlands Central,
544,RR770281797SG,RP,,,2/1/2025 11:23,POTNC,Tampines Central,POTNC,Tampines Central,
545,RR770281810SG,RP,,,2/1/2025 10:24,POSPC,General Post Office,POSPC,General Post Office,
546,RR770281911SG,RP,,,2/1/2025 10:34,POPSR,Pasir Ris,POPSR,Pasir Ris,
547,RR770281960SG,RP,,,2/1/2025 10:00,POWDL,Woodlands Central,POWDL,Woodlands Central,
548,RR770282007SG,RP,,,2/1/2025 11:05,POJRP,Jurong Point,POJRP,Jurong Point,
549,RR770282024SG,RP,,,2/1/2025 10:00,POWDL,Woodlands Central,POWDL,Woodlands Central,
550,RR770282038SG,RP,,,2/1/2025 10:00,POWDL,Woodlands Central,POWDL,Woodlands Central,
551,RR770282041SG,RP,,,2/1/2025 9:02,POKLR,Killiney Road,POKLR,Killiney Road,
552,RR770282055SG,RP,,,2/1/2025 11:00,POHGC,Hougang Central,POHGC,Hougang Central,
553,RR770282086SG,RP,,,2/1/2025 11:05,POJRP,Jurong Point,POJRP,Jurong Point,
554,RR770282090SG,RP,,,2/1/2025 13:11,POTPC,Toa Payoh Central,POTPC,Toa Payoh Central,
555,RR770282126SG,RP,,,2/1/2025 10:00,POWDL,Woodlands Central,POWDL,Woodlands Central,
556,RR770282130SG,RP,,,2/1/2025 10:02,POWDL,Woodlands Central,POWDL,Woodlands Central,
557,RR770282174SG,RP,,,2/1/2025 9:23,POCMW,Clementi West,POCMW,Clementi West,
558,RR770282188SG,RP,,,2/1/2025 11:00,POHGC,Hougang Central,POHGC,Hougang Central,
559,RR770282191SG,RP,,,2/1/2025 11:05,POJRP,Jurong Point,POJRP,Jurong Point,
560,RR770282205SG,RP,,,2/1/2025 10:47,POBPJ,Bukit Panjang,POBPJ,Bukit Panjang,
561,RR770282228SG,RP,,,2/1/2025 9:23,POCMW,Clementi West,POCMW,Clementi West,
562,RR770282293SG,RP,,,2/1/2025 11:05,POJRP,Jurong Point,POJRP,Jurong Point,
563,RR770282355SG,RP,,,2/1/2025 10:58,POCCK,Choa Chu Kang Central,POCCK,Choa Chu Kang Central,
564,RR770282404SG,RP,,,2/1/2025 10:02,POWDL,Woodlands Central,POWDL,Woodlands Central,
565,RR770282421SG,RP,,,2/1/2025 11:21,POTGP,Tanjong Pagar,POTGP,Tanjong Pagar,
566,RR770282452SG,RP,,,2/1/2025 9:08,POKLR,Killiney Road,POKLR,Killiney Road,
567,RR770282470SG,RP,,,2/1/2025 12:47,POTWR,Towner,POTWR,Towner,
568,RR770282483SG,RP,,,2/1/2025 10:00,POWDL,Woodlands Central,POWDL,Woodlands Central,
569,RR770282510SG,RP,,,2/1/2025 12:47,POTWR,Towner,POTWR,Towner,
570,RR770282639SG,RP,,,2/1/2025 12:11,POBBC,Bukit Batok Central,POBBC,Bukit Batok Central,
571,RR770282642SG,RP,,,2/1/2025 10:02,POWDL,Woodlands Central,POWDL,Woodlands Central,
572,RR770282727SG,RP,,,2/1/2025 12:11,POBBC,Bukit Batok Central,POBBC,Bukit Batok Central,
573,RR770282758SG,RP,,,2/1/2025 12:11,POBBC,Bukit Batok Central,POBBC,Bukit Batok Central,
574,RR770282775SG,RP,,,2/1/2025 10:51,POAKC,Ang Mo Kio Central,POAKC,Ang Mo Kio Central,
575,RR770282789SG,PL,,,2/1/2025 10:04,PO041,POPStop Bishan,PO041,POPStop Bishan,
576,RR770282789SG,RP,,,2/1/2025 10:06,POBSH,Bishan,POBSH,Bishan,
577,RS028331722RU,RP,,,2/1/2025 10:40,POKLR,Killiney Road,POKLR,Killiney Road,
578,RT007128925IN,RP,,,2/1/2025 10:58,POCCK,Choa Chu Kang Central,POCCK,Choa Chu Kang Central,
579,RT007182736IN,RP,,,2/1/2025 10:58,POCCK,Choa Chu Kang Central,POCCK,Choa Chu Kang Central,
580,RT007182753IN,RP,,,2/1/2025 10:58,POCCK,Choa Chu Kang Central,POCCK,Choa Chu Kang Central,
581,RT007184856IN,RP,,,2/1/2025 9:23,POCMW,Clementi West,POCMW,Clementi West,
582,RT124398298IN,RP,,,2/1/2025 10:51,POCSQ,City Square ,POCSQ,City Square ,
583,RT156459869PT,RP,,,2/1/2025 10:12,POBMC,Bukit Merah Central,POBMC,Bukit Merah Central,
584,RT156459869PT,PD,,,2/1/2025 12:10,PO026,POPStop Bukit Merah Central,PO026,POPStop Bukit Merah Central,
585,RT459175745IN,RP,,,2/1/2025 12:47,POTWR,Towner,POTWR,Towner,
586,RT609908386IN,RP,,,2/1/2025 11:13,POJRP,Jurong Point,POJRP,Jurong Point,
587,RT808737972IN,RP,,,2/1/2025 10:58,POCCK,Choa Chu Kang Central,POCCK,Choa Chu Kang Central,
588,RT808738071IN,RP,,,2/1/2025 11:13,POJRP,Jurong Point,POJRP,Jurong Point,
589,RT808738071IN,PD,,,2/1/2025 19:08,PO024,POPStop Jurong Point,PO024,POPStop Jurong Point,
590,RT980766265IN,RP,,,2/1/2025 11:20,POTNC,Tampines Central,POTNC,Tampines Central,
591,RT980766305IN,RP,,,2/1/2025 12:11,POBBC,Bukit Batok Central,POBBC,Bukit Batok Central,
592,RU463303370PT,RP,,,2/1/2025 9:02,POKLR,Killiney Road,POKLR,Killiney Road,
593,RU463304962PT,RP,,,2/1/2025 9:02,POKLR,Killiney Road,POKLR,Killiney Road,
594,RV402557628PT,RP,,,2/1/2025 11:19,POTNC,Tampines Central,POTNC,Tampines Central,
595,RW019630119DE,RP,,,2/1/2025 11:13,POJRP,Jurong Point,POJRP,Jurong Point,
596,RW019954503DE,RP,,,2/1/2025 10:18,POBMC,Bukit Merah Central,POBMC,Bukit Merah Central,
597,RW036323728DE,RP,,,2/1/2025 10:35,POKLR,Killiney Road,POKLR,Killiney Road,
598,RX123116035SG,RP,,,2/1/2025 9:02,POKLR,Killiney Road,POKLR,Killiney Road,
599,RX123116044SG,RP,,,2/1/2025 9:02,POKLR,Killiney Road,POKLR,Killiney Road,
600,RX123116092SG,RP,,,2/1/2025 9:08,POKLR,Killiney Road,POKLR,Killiney Road,
601,RX123116101SG,RP,,,2/1/2025 9:08,POKLR,Killiney Road,POKLR,Killiney Road,
602,RX123116115SG,RP,,,2/1/2025 11:06,POJRP,Jurong Point,POJRP,Jurong Point,
603,RX123116129SG,RP,,,2/1/2025 11:06,POJRP,Jurong Point,POJRP,Jurong Point,
604,RX123116177SG,RP,,,2/1/2025 10:24,POSPC,General Post Office,POSPC,General Post Office,
605,RX123116185SG,RP,,,2/1/2025 10:24,POSPC,General Post Office,POSPC,General Post Office,
606,RX123116217SG,RP,,,2/1/2025 11:23,POTNC,Tampines Central,POTNC,Tampines Central,
607,RX123116225SG,RP,,,2/1/2025 11:23,POTNC,Tampines Central,POTNC,Tampines Central,
608,RX123116234SG,RP,,,2/1/2025 10:47,POBPJ,Bukit Panjang,POBPJ,Bukit Panjang,
609,RX123116248SG,RP,,,2/1/2025 10:47,POBPJ,Bukit Panjang,POBPJ,Bukit Panjang,
610,RX131682134SG,PL,,,2/1/2025 10:04,PO041,POPStop Bishan,PO041,POPStop Bishan,
611,RX131682134SG,RP,,,2/1/2025 10:06,POBSH,Bishan,POBSH,Bishan,
612,RX131682488SG,RP,,,2/1/2025 10:20,POGYL,Geylang,POGYL,Geylang,
613,RX131682562SG,PL,,,2/1/2025 10:04,PO041,POPStop Bishan,PO041,POPStop Bishan,
614,RX131682562SG,RP,,,2/1/2025 10:06,POBSH,Bishan,POBSH,Bishan,
615,RX131682695SG,RP,,,2/1/2025 11:21,POTGP,Tanjong Pagar,POTGP,Tanjong Pagar,
616,RX131682752SG,RP,,,2/1/2025 11:21,POTGP,Tanjong Pagar,POTGP,Tanjong Pagar,
617,RX131682806SG,RP,,,2/1/2025 9:10,POBRB,Bras Basah,POBRB,Bras Basah,
618,RX131682837SG,RP,,,2/1/2025 10:51,POCSQ,City Square ,POCSQ,City Square ,
619,RX131682845SG,RP,,,2/1/2025 10:51,POCSQ,City Square ,POCSQ,City Square ,
620,RX131682854SG,RP,,,2/1/2025 10:51,POCSQ,City Square ,POCSQ,City Square ,
621,RX131682868SG,RP,,,2/1/2025 10:51,POCSQ,City Square ,POCSQ,City Square ,
622,RX131682908SG,RP,,,2/1/2025 9:10,POBRB,Bras Basah,POBRB,Bras Basah,
623,RX131683191SG,RP,,,2/1/2025 9:10,POBRB,Bras Basah,POBRB,Bras Basah,
624,RX131683205SG,RP,,,2/1/2025 9:10,POBRB,Bras Basah,POBRB,Bras Basah,
625,RX131683214SG,RP,,,2/1/2025 9:10,POBRB,Bras Basah,POBRB,Bras Basah,
626,RX131683687SG,RP,,,2/1/2025 11:21,POTGP,Tanjong Pagar,POTGP,Tanjong Pagar,
627,RX131683695SG,RP,,,2/1/2025 9:08,POKLR,Killiney Road,POKLR,Killiney Road,
628,RX131683735SG,RP,,,2/1/2025 9:10,POBRB,Bras Basah,POBRB,Bras Basah,
629,RX131684342SG,RP,,,2/1/2025 9:23,POCMW,Clementi West,POCMW,Clementi West,
630,RX131684373SG,RP,,,2/1/2025 9:23,POCMW,Clementi West,POCMW,Clementi West,
631,RX131684413SG,RP,,,2/1/2025 9:23,POCMW,Clementi West,POCMW,Clementi West,
632,RX131684427SG,RP,,,2/1/2025 9:06,POBRB,Bras Basah,POBRB,Bras Basah,
633,RX500070521SG,RP,,,2/1/2025 10:15,POSBD,Simpang Bedok,POSBD,Simpang Bedok,
634,RX500070549SG,RP,,,2/1/2025 10:15,POSBD,Simpang Bedok,POSBD,Simpang Bedok,
635,RX500071297SG,RP,,,2/1/2025 9:07,POBRB,Bras Basah,POBRB,Bras Basah,
636,RX500071306SG,RP,,,2/1/2025 10:51,POCSQ,City Square ,POCSQ,City Square ,
637,RX500071425SG,RP,,,2/1/2025 9:27,POGYE,Geylang East,POGYE,Geylang East,
638,RX500071425SG,PD,,,2/1/2025 12:52,PO045,POPStop Geylang East,PO045,POPStop Geylang East,
639,RX500071442SG,RP,,,2/1/2025 10:20,POGYL,Geylang,POGYL,Geylang,
640,RX500071487SG,RP,,,2/1/2025 9:36,POKTP,Katong,POKTP,Katong,
641,RX500071561SG,RP,,,2/1/2025 10:34,POPSR,Pasir Ris,POPSR,Pasir Ris,
642,RX500071601SG,RP,,,2/1/2025 11:20,POTNC,Tampines Central,POTNC,Tampines Central,
643,RX500071629SG,RP,,,2/1/2025 11:23,POTNC,Tampines Central,POTNC,Tampines Central,
644,RX500071632SG,RP,,,2/1/2025 11:20,POTNC,Tampines Central,POTNC,Tampines Central,
645,RX500071677SG,RP,,,2/1/2025 11:00,POHGC,Hougang Central,POHGC,Hougang Central,
646,RX500071685SG,RP,,,2/1/2025 11:00,POHGC,Hougang Central,POHGC,Hougang Central,
647,RX500071703SG,RP,,,2/1/2025 11:02,POSKC,Sengkang Central,POSKC,Sengkang Central,
648,RX500071748SG,RP,,,2/1/2025 10:50,POAKC,Ang Mo Kio Central,POAKC,Ang Mo Kio Central,
649,RX500071782SG,PL,,,2/1/2025 10:04,PO041,POPStop Bishan,PO041,POPStop Bishan,
650,RX500071782SG,RP,,,2/1/2025 10:06,POBSH,Bishan,POBSH,Bishan,
651,RX500071867SG,RP,,,2/1/2025 10:47,POBPJ,Bukit Panjang,POBPJ,Bukit Panjang,
652,RX500071875SG,RP,,,2/1/2025 10:47,POBPJ,Bukit Panjang,POBPJ,Bukit Panjang,
653,RX500071875SG,PD,,,2/1/2025 11:03,PO020,POPStop Bukit Panjang,PO020,POPStop Bukit Panjang,
654,RX500071941SG,RP,,,2/1/2025 10:00,POWDL,Woodlands Central,POWDL,Woodlands Central,
655,RX500072071SG,RP,,,2/1/2025 9:23,POCMW,Clementi West,POCMW,Clementi West,
656,RX500072099SG,RP,,,2/1/2025 10:51,POCSQ,City Square ,POCSQ,City Square ,
657,RX500072111SG,RP,,,2/1/2025 12:47,POTWR,Towner,POTWR,Towner,
658,RX500072125SG,RP,,,2/1/2025 10:20,POGYL,Geylang,POGYL,Geylang,
659,RX500072139SG,RP,,,2/1/2025 9:36,POKTP,Katong,POKTP,Katong,
660,RX500072187SG,RP,,,2/1/2025 10:50,POAKC,Ang Mo Kio Central,POAKC,Ang Mo Kio Central,
661,RX500072195SG,RP,,,2/1/2025 10:50,POAKC,Ang Mo Kio Central,POAKC,Ang Mo Kio Central,
662,RX500072200SG,RP,,,2/1/2025 10:50,POAKC,Ang Mo Kio Central,POAKC,Ang Mo Kio Central,
663,RX500072213SG,RP,,,2/1/2025 10:50,POAKC,Ang Mo Kio Central,POAKC,Ang Mo Kio Central,
664,RX500072227SG,RP,,,2/1/2025 10:51,POAKC,Ang Mo Kio Central,POAKC,Ang Mo Kio Central,
665,RX500072261SG,RP,,,2/1/2025 10:00,POWDL,Woodlands Central,POWDL,Woodlands Central,
666,RX500072275SG,RP,,,2/1/2025 10:00,POWDL,Woodlands Central,POWDL,Woodlands Central,
667,RX500072289SG,RP,,,2/1/2025 10:00,POWDL,Woodlands Central,POWDL,Woodlands Central,
668,RX500072292SG,RP,,,2/1/2025 10:00,POWDL,Woodlands Central,POWDL,Woodlands Central,
669,RX500072315SG,RP,,,2/1/2025 11:15,POPGL,Punggol,POPGL,Punggol,
670,RX500072315SG,PD,,,2/1/2025 13:47,PO002,POPStop Punggol,PO002,POPStop Punggol,
671,RY100096324SG,RP,,,2/1/2025 9:48,POSGL,Siglap,POSGL,Siglap,
672,RY100096338SG,RP,,,2/1/2025 12:11,POBBC,Bukit Batok Central,POBBC,Bukit Batok Central,
673,RY100096369SG,RP,,,2/1/2025 9:22,POMPR,MacPherson Road,POMPR,MacPherson Road,
674,RY100096412SG,RP,,,2/1/2025 11:02,POSKC,Sengkang Central,POSKC,Sengkang Central,
675,RY100096430SG,RP,,,2/1/2025 10:51,POHGC,Hougang Central,POHGC,Hougang Central,
676,RY100096528SG,RP,,,2/1/2025 10:35,POKLR,Killiney Road,POKLR,Killiney Road,
677,RY100096559SG,RP,,,2/1/2025 9:39,POSRC,Serangoon Central,POSRC,Serangoon Central,
678,RY100096562SG,RP,,,2/1/2025 9:22,POMPR,MacPherson Road,POMPR,MacPherson Road,
679,RY100096580SG,RP,,,2/1/2025 11:33,POPGL,Punggol,POPGL,Punggol,
680,RY100096593SG,RP,,,2/1/2025 11:19,POTNC,Tampines Central,POTNC,Tampines Central,
681,RY100096593SG,PD,,,2/1/2025 12:11,PO009,POPStop Tampines Central,PO009,POPStop Tampines Central,
682,RY100096647SG,RP,,,2/1/2025 10:12,POBMC,Bukit Merah Central,POBMC,Bukit Merah Central,
683,RY100096664SG,RP,,,2/1/2025 9:32,POGME,Ghim Moh Estate,POGME,Ghim Moh Estate,
684,RY100096718SG,RP,,,2/1/2025 9:32,POGME,Ghim Moh Estate,POGME,Ghim Moh Estate,
685,RY100096735SG,RP,,,2/1/2025 10:34,POPSR,Pasir Ris,POPSR,Pasir Ris,
686,RY100096749SG,PL,,,2/1/2025 10:04,PO041,POPStop Bishan,PO041,POPStop Bishan,
687,RY100096749SG,RP,,,2/1/2025 10:06,POBSH,Bishan,POBSH,Bishan,
688,RY468713218GB,RP,,,2/1/2025 9:36,POKTP,Katong,POKTP,Katong,
689,SNSG00563929757,CC,,,2/1/2025 14:19,,,,,
690,SNSG01034999222,AS,,,2/1/2025 12:41,DBSWD,Sembawang Delivery Base,DBSWD,Sembawang Delivery Base,
691,SNSG01898890088,UA,,,2/1/2025 11:10,DBJRD,Jurong Town Delivery Base,DBJRD,Jurong Town Delivery Base,
692,SNSG01898890088,AS,,,2/1/2025 12:43,DBJRD,Jurong Town Delivery Base,DBJRD,Jurong Town Delivery Base,
693,SNSG02396772154,AS,,,2/1/2025 12:41,DBSWD,Sembawang Delivery Base,DBSWD,Sembawang Delivery Base,
694,SNSG03393010250,UA,,,2/1/2025 9:00,DBPLD,Paya Lebar Delivery Base,DBPLD,Paya Lebar Delivery Base,
695,SNSG03393010250,DL,,,2/1/2025 9:42,DBPLD,Paya Lebar Delivery Base,DBPLD,Paya Lebar Delivery Base,
696,SNSG03393010250,CC,,,2/2/2025 0:53,,,,,
697,SNSG03857446017,AS,,,2/1/2025 12:10,DBTLD,Tanglin Delivery Base,DBTLD,Tanglin Delivery Base,
698,SNSG04836887756,AS,,,2/1/2025 12:13,DBTED,Telok Blangah Delivery Base,DBTED,Telok Blangah Delivery Base,
699,SNSG05823009031,AS,,,2/1/2025 12:41,DBSWD,Sembawang Delivery Base,DBSWD,Sembawang Delivery Base,
700,SNSG05890527186,AS,,,2/1/2025 12:05,DBCMD,Clementi Delivery Base,DBCMD,Clementi Delivery Base,
701,SNSG06361131319,AS,,,2/1/2025 12:59,DBBLD,Boon Lay Delivery Base,DBBLD,Boon Lay Delivery Base,
702,SNSG06490681982,AS,,,2/1/2025 12:05,DBCMD,Clementi Delivery Base,DBCMD,Clementi Delivery Base,
703,SNSG06652033679,AS,,,2/1/2025 12:59,DBBLD,Boon Lay Delivery Base,DBBLD,Boon Lay Delivery Base,
704,SNSG06860910314,AS,,,2/1/2025 10:14,DBCMD,Clementi Delivery Base,DBCMD,Clementi Delivery Base,
705,SNSG06877106417,AS,,,2/1/2025 12:14,DBBLD,Boon Lay Delivery Base,DBBLD,Boon Lay Delivery Base,
706,SNSG08583632342,AS,,,2/1/2025 12:14,DBBLD,Boon Lay Delivery Base,DBBLD,Boon Lay Delivery Base,
707,SNSG09261587139,AS,,,2/1/2025 12:05,DBCMD,Clementi Delivery Base,DBCMD,Clementi Delivery Base,
708,SNSG10173241257,AS,,,2/1/2025 12:05,DBCMD,Clementi Delivery Base,DBCMD,Clementi Delivery Base,
709,SNSG10260336555,AS,,,2/1/2025 12:10,DBSWD,Sembawang Delivery Base,DBSWD,Sembawang Delivery Base,
710,SNSG11000098659,CC,,,2/1/2025 14:58,,,,,
711,SNSG11456448675,AS,,,2/1/2025 12:59,DBBLD,Boon Lay Delivery Base,DBBLD,Boon Lay Delivery Base,
712,SNSG11842804903,AS,,,2/1/2025 10:14,DBCMD,Clementi Delivery Base,DBCMD,Clementi Delivery Base,
713,SNSG11851567263,CC,,,2/1/2025 17:07,,,,,
714,SNSG12667267877,AS,,,2/1/2025 12:41,DBSWD,Sembawang Delivery Base,DBSWD,Sembawang Delivery Base,
715,SNSG12933691743,AS,,,2/1/2025 12:41,DBSWD,Sembawang Delivery Base,DBSWD,Sembawang Delivery Base,
716,SNSG14628745364,AS,,,2/1/2025 12:10,DBSWD,Sembawang Delivery Base,DBSWD,Sembawang Delivery Base,
717,SNSG14701100645,AS,,,2/1/2025 12:59,DBBLD,Boon Lay Delivery Base,DBBLD,Boon Lay Delivery Base,
718,SNSG16174232866,AS,,,2/1/2025 12:59,DBBLD,Boon Lay Delivery Base,DBBLD,Boon Lay Delivery Base,
719,SNSG16258509647,AS,,,2/1/2025 11:54,DBCMD,Clementi Delivery Base,DBCMD,Clementi Delivery Base,
720,SNSG16483629567,AS,,,2/1/2025 12:59,DBBLD,Boon Lay Delivery Base,DBBLD,Boon Lay Delivery Base,
721,SNSG16636709416,AS,,,2/1/2025 10:14,DBCMD,Clementi Delivery Base,DBCMD,Clementi Delivery Base,
722,SNSG17211188817,AS,,,2/1/2025 12:59,DBBLD,Boon Lay Delivery Base,DBBLD,Boon Lay Delivery Base,
723,SNSG17593578500,CC,,,2/1/2025 14:06,,,,,
724,SNSG18514867903,AS,,,2/1/2025 12:13,DBTED,Telok Blangah Delivery Base,DBTED,Telok Blangah Delivery Base,
725,SNSG18626469916,AS,,,2/1/2025 12:41,DBSWD,Sembawang Delivery Base,DBSWD,Sembawang Delivery Base,
726,SNSG18847294330,AS,,,2/1/2025 12:43,DBTLD,Tanglin Delivery Base,DBTLD,Tanglin Delivery Base,
727,SNSG19272147475,CC,,,2/1/2025 23:25,,,,,
728,SNSG19562419891,AS,,,2/1/2025 12:13,DBTED,Telok Blangah Delivery Base,DBTED,Telok Blangah Delivery Base,
729,SNSG21703652965,AS,,,2/1/2025 12:05,DBCMD,Clementi Delivery Base,DBCMD,Clementi Delivery Base,
730,SNSG22701107867,AS,,,2/1/2025 12:13,DBTED,Telok Blangah Delivery Base,DBTED,Telok Blangah Delivery Base,
731,SNSG22714071253,AS,,,2/1/2025 12:28,DBSWD,Sembawang Delivery Base,DBSWD,Sembawang Delivery Base,
732,SNSG22798778790,AS,,,2/1/2025 12:59,DBBLD,Boon Lay Delivery Base,DBBLD,Boon Lay Delivery Base,
733,SNSG22985822452,AS,,,2/1/2025 12:13,DBTED,Telok Blangah Delivery Base,DBTED,Telok Blangah Delivery Base,
734,SNSG23325286052,AS,,,2/1/2025 10:14,DBCMD,Clementi Delivery Base,DBCMD,Clementi Delivery Base,
735,SNSG23533610980,AS,,,2/1/2025 12:43,DBTLD,Tanglin Delivery Base,DBTLD,Tanglin Delivery Base,
736,SNSG23615340423,AS,,,2/1/2025 12:41,DBSWD,Sembawang Delivery Base,DBSWD,Sembawang Delivery Base,
737,SNSG24008644967,AS,,,2/1/2025 11:53,DBWDD,Woodlands Delivery Base,DBWDD,Woodlands Delivery Base,
738,SNSG24118088908,AS,,,2/1/2025 12:10,DBSWD,Sembawang Delivery Base,DBSWD,Sembawang Delivery Base,
739,SNSG24512852606,AS,,,2/1/2025 12:03,DBTLD,Tanglin Delivery Base,DBTLD,Tanglin Delivery Base,
740,SNSG24689978546,AS,,,2/1/2025 12:05,DBCMD,Clementi Delivery Base,DBCMD,Clementi Delivery Base,
741,SNSG24794008119,AS,,,2/1/2025 12:06,DBBLD,Boon Lay Delivery Base,DBBLD,Boon Lay Delivery Base,
742,SNSG25553313987,AS,,,2/1/2025 12:13,DBTED,Telok Blangah Delivery Base,DBTED,Telok Blangah Delivery Base,
743,SNSG25795120954,AS,,,2/1/2025 12:13,DBTED,Telok Blangah Delivery Base,DBTED,Telok Blangah Delivery Base,
744,SNSG25882607318,AS,,,2/1/2025 12:03,DBTLD,Tanglin Delivery Base,DBTLD,Tanglin Delivery Base,
745,SNSG26476218243,AS,,,2/1/2025 12:03,DBTLD,Tanglin Delivery Base,DBTLD,Tanglin Delivery Base,
746,SNSG26800496236,UA,,,2/1/2025 10:38,DBRBS,Robinson Delivery Base,DBRBS,Robinson Delivery Base,
747,SNSG26800496236,DB,43,,2/1/2025 12:11,DBRBS,Robinson Delivery Base,DBRBS,Robinson Delivery Base,
748,SNSG26800496236,HI,,,2/1/2025 12:11,DBRBS,Robinson Delivery Base,DBRBS,Robinson Delivery Base,
749,SNSG27609572639,AS,,,2/1/2025 12:05,DBCMD,Clementi Delivery Base,DBCMD,Clementi Delivery Base,
750,SNSG27646969801,AS,,,2/1/2025 12:14,DBBLD,Boon Lay Delivery Base,DBBLD,Boon Lay Delivery Base,
751,SNSG29181821217,AS,,,2/1/2025 12:41,DBSWD,Sembawang Delivery Base,DBSWD,Sembawang Delivery Base,
752,SNSG29598947573,AS,,,2/1/2025 12:41,DBSWD,Sembawang Delivery Base,DBSWD,Sembawang Delivery Base,
753,SNSG30241271259,AS,,,2/1/2025 12:41,DBSWD,Sembawang Delivery Base,DBSWD,Sembawang Delivery Base,
754,SNSG30392343477,AS,,,2/1/2025 12:59,DBBLD,Boon Lay Delivery Base,DBBLD,Boon Lay Delivery Base,
755,SNSG30502843743,AS,,,2/1/2025 12:14,DBBLD,Boon Lay Delivery Base,DBBLD,Boon Lay Delivery Base,
756,SNSG33275327114,AS,,,2/1/2025 11:54,DBCMD,Clementi Delivery Base,DBCMD,Clementi Delivery Base,
757,SNSG33291495375,UA,,,2/1/2025 8:39,DBBDD,Bedok Central Delivery Base,DBBDD,Bedok Central Delivery Base,
758,SNSG33291495375,DL,,,2/1/2025 11:27,DBBDD,Bedok Central Delivery Base,DBBDD,Bedok Central Delivery Base,
759,SNSG33319486201,UA,,,2/1/2025 8:19,DBJKD,Jalan Kayu Delivery Base,DBJKD,Jalan Kayu Delivery Base,
760,SNSG33319486201,DL,,,2/1/2025 8:55,DBJKD,Jalan Kayu Delivery Base,DBJKD,Jalan Kayu Delivery Base,
761,SNSG33319486201,CC,,,2/1/2025 17:29,,,,,
762,SNSG34676012370,AS,,,2/1/2025 12:43,DBTLD,Tanglin Delivery Base,DBTLD,Tanglin Delivery Base,
763,SNSG34727459248,CC,,,2/1/2025 11:43,,,,,
764,SNSG35961493534,AS,,,2/1/2025 13:03,DBBLD,Boon Lay Delivery Base,DBBLD,Boon Lay Delivery Base,
765,SNSG36372823348,AS,,,2/1/2025 12:05,DBCMD,Clementi Delivery Base,DBCMD,Clementi Delivery Base,
766,SNSG37275078489,CC,,,2/1/2025 11:11,,,,,
767,SNSG37650084557,AS,,,2/1/2025 11:53,DBWDD,Woodlands Delivery Base,DBWDD,Woodlands Delivery Base,
768,SNSG38476192809,AS,,,2/1/2025 12:59,DBBLD,Boon Lay Delivery Base,DBBLD,Boon Lay Delivery Base,
769,SNSG38812911888,AS,,,2/1/2025 12:59,DBBLD,Boon Lay Delivery Base,DBBLD,Boon Lay Delivery Base,
770,SNSG38883773805,CC,,,2/1/2025 15:33,,,,,
771,SNSG39159942969,CC,,,2/1/2025 17:29,,,,,
772,SNSG39480064324,AS,,,2/1/2025 12:59,DBBLD,Boon Lay Delivery Base,DBBLD,Boon Lay Delivery Base,
773,SNSG39558069725,AS,,,2/1/2025 12:10,DBSWD,Sembawang Delivery Base,DBSWD,Sembawang Delivery Base,
774,SNSG39591903969,AS,,,2/1/2025 12:41,DBSWD,Sembawang Delivery Base,DBSWD,Sembawang Delivery Base,
775,SNSG40110648068,AS,,,2/1/2025 10:14,DBCMD,Clementi Delivery Base,DBCMD,Clementi Delivery Base,
776,SNSG40432943374,AS,,,2/1/2025 12:03,DBTLD,Tanglin Delivery Base,DBTLD,Tanglin Delivery Base,
777,SNSG41341667087,AS,,,2/1/2025 12:10,DBSWD,Sembawang Delivery Base,DBSWD,Sembawang Delivery Base,
778,SNSG41765545136,AS,,,2/1/2025 12:59,DBBLD,Boon Lay Delivery Base,DBBLD,Boon Lay Delivery Base,
779,SNSG42803514234,AS,,,2/1/2025 12:10,DBTLD,Tanglin Delivery Base,DBTLD,Tanglin Delivery Base,
780,SNSG44053692843,AS,,,2/1/2025 12:10,DBTLD,Tanglin Delivery Base,DBTLD,Tanglin Delivery Base,
781,SNSG44067318826,AS,,,2/1/2025 12:41,DBSWD,Sembawang Delivery Base,DBSWD,Sembawang Delivery Base,
782,SNSG44292872731,AS,,,2/1/2025 12:41,DBSWD,Sembawang Delivery Base,DBSWD,Sembawang Delivery Base,
783,SNSG44298337803,AS,,,2/1/2025 12:41,DBSWD,Sembawang Delivery Base,DBSWD,Sembawang Delivery Base,
784,SNSG44962749619,CC,,,2/1/2025 17:47,,,,,
785,SNSG46192925935,UA,,,2/1/2025 8:24,DBAKD,Ang Mo Kio Central Delivery Base,DBAKD,Ang Mo Kio Central Delivery Base,
786,SNSG46192925935,FD,98,,2/1/2025 10:00,DBAKD,Ang Mo Kio Central Delivery Base,DBAKD,Ang Mo Kio Central Delivery Base,
787,SNSG46672758192,AS,,,2/1/2025 12:03,DBTLD,Tanglin Delivery Base,DBTLD,Tanglin Delivery Base,
788,SNSG47101815173,AS,,,2/1/2025 12:14,DBBLD,Boon Lay Delivery Base,DBBLD,Boon Lay Delivery Base,
789,SNSG47444751479,AS,,,2/1/2025 12:05,DBCMD,Clementi Delivery Base,DBCMD,Clementi Delivery Base,
790,SNSG48284504430,UA,,,2/1/2025 8:34,DBBDD,Bedok Central Delivery Base,DBBDD,Bedok Central Delivery Base,
791,SNSG48284504430,DL,,,2/1/2025 10:38,DBBDD,Bedok Central Delivery Base,DBBDD,Bedok Central Delivery Base,
792,SNSG48797800364,AS,,,2/1/2025 12:41,DBSWD,Sembawang Delivery Base,DBSWD,Sembawang Delivery Base,
793,SNSG50388972382,AS,,,2/1/2025 12:59,DBBLD,Boon Lay Delivery Base,DBBLD,Boon Lay Delivery Base,
794,SNSG50474404716,CC,,,2/1/2025 17:21,,,,,
795,SNSG50484017641,AS,,,2/1/2025 12:59,DBBLD,Boon Lay Delivery Base,DBBLD,Boon Lay Delivery Base,
796,SNSG50642340115,AS,,,2/1/2025 11:53,DBWDD,Woodlands Delivery Base,DBWDD,Woodlands Delivery Base,
797,SNSG52379319606,AS,,,2/1/2025 12:13,DBTED,Telok Blangah Delivery Base,DBTED,Telok Blangah Delivery Base,
798,SNSG52692985068,AS,,,2/1/2025 12:13,DBTED,Telok Blangah Delivery Base,DBTED,Telok Blangah Delivery Base,
799,SNSG53104861862,AS,,,2/1/2025 12:10,DBSWD,Sembawang Delivery Base,DBSWD,Sembawang Delivery Base,
800,SNSG53792819764,AS,,,2/1/2025 12:41,DBSWD,Sembawang Delivery Base,DBSWD,Sembawang Delivery Base,
801,SNSG54725328220,AS,,,2/1/2025 12:10,DBSWD,Sembawang Delivery Base,DBSWD,Sembawang Delivery Base,
802,SNSG54973662357,AS,,,2/1/2025 12:41,DBSWD,Sembawang Delivery Base,DBSWD,Sembawang Delivery Base,
803,SNSG54992990194,AS,,,2/1/2025 12:06,DBBLD,Boon Lay Delivery Base,DBBLD,Boon Lay Delivery Base,
804,SNSG55234503435,CC,,,2/1/2025 13:29,,,,,
805,SNSG56354241312,AS,,,2/1/2025 12:05,DBCMD,Clementi Delivery Base,DBCMD,Clementi Delivery Base,
806,SNSG56735935209,AS,,,2/1/2025 10:14,DBCMD,Clementi Delivery Base,DBCMD,Clementi Delivery Base,
807,SNSG57052125175,AS,,,2/1/2025 10:14,DBCMD,Clementi Delivery Base,DBCMD,Clementi Delivery Base,
808,SNSG57801572414,CC,,,2/1/2025 20:57,,,,,
809,SNSG59283438282,AS,,,2/1/2025 12:59,DBBLD,Boon Lay Delivery Base,DBBLD,Boon Lay Delivery Base,
810,SNSG59371917124,UA,,,2/1/2025 11:10,DBJRD,Jurong Town Delivery Base,DBJRD,Jurong Town Delivery Base,
811,SNSG59371917124,AS,,,2/1/2025 12:43,DBJRD,Jurong Town Delivery Base,DBJRD,Jurong Town Delivery Base,
812,SNSG59999049151,CC,,,2/1/2025 15:38,,,,,
813,SNSG60039545138,CC,,,2/1/2025 14:31,,,,,
814,SNSG60043470150,AS,,,2/1/2025 12:28,DBSWD,Sembawang Delivery Base,DBSWD,Sembawang Delivery Base,
815,SNSG60263322514,AS,,,2/1/2025 12:41,DBSWD,Sembawang Delivery Base,DBSWD,Sembawang Delivery Base,
816,SNSG60989677452,AS,,,2/1/2025 11:53,DBWDD,Woodlands Delivery Base,DBWDD,Woodlands Delivery Base,
817,SNSG61011389937,AS,,,2/1/2025 12:10,DBSWD,Sembawang Delivery Base,DBSWD,Sembawang Delivery Base,
818,SNSG61927242603,AS,,,2/1/2025 12:10,DBSWD,Sembawang Delivery Base,DBSWD,Sembawang Delivery Base,
819,SNSG62224852101,AS,,,2/1/2025 12:28,DBSWD,Sembawang Delivery Base,DBSWD,Sembawang Delivery Base,
820,SNSG63185572215,AS,,,2/1/2025 12:59,DBBLD,Boon Lay Delivery Base,DBBLD,Boon Lay Delivery Base,
821,SNSG63837454141,CC,,,2/1/2025 19:22,,,,,
822,SNSG63933103420,AS,,,2/1/2025 12:41,DBSWD,Sembawang Delivery Base,DBSWD,Sembawang Delivery Base,
823,SNSG65191420825,AS,,,2/1/2025 12:13,DBTED,Telok Blangah Delivery Base,DBTED,Telok Blangah Delivery Base,
824,SNSG65369853486,AS,,,2/1/2025 12:10,DBSWD,Sembawang Delivery Base,DBSWD,Sembawang Delivery Base,
825,SNSG66204218021,CC,,,2/1/2025 23:16,,,,,
826,SNSG67264020280,AS,,,2/1/2025 11:53,DBWDD,Woodlands Delivery Base,DBWDD,Woodlands Delivery Base,
827,SNSG67440936124,AS,,,2/1/2025 12:10,DBSWD,Sembawang Delivery Base,DBSWD,Sembawang Delivery Base,
828,SNSG67494933638,AS,,,2/1/2025 12:06,DBBLD,Boon Lay Delivery Base,DBBLD,Boon Lay Delivery Base,
829,SNSG67599912227,AS,,,2/1/2025 12:41,DBSWD,Sembawang Delivery Base,DBSWD,Sembawang Delivery Base,
830,SNSG67937337451,AS,,,2/1/2025 12:14,DBBLD,Boon Lay Delivery Base,DBBLD,Boon Lay Delivery Base,
831,SNSG68098329279,RS,,,2/1/2025 8:41,DBCMD,Clementi Delivery Base,RM,Transit Logistics (Log Hub),
832,SNSG68607388277,CC,,,2/1/2025 18:45,,,,,
833,SNSG69089045359,AS,,,2/1/2025 12:59,DBBLD,Boon Lay Delivery Base,DBBLD,Boon Lay Delivery Base,
834,SNSG69301469620,CC,,,2/1/2025 16:02,,,,,
835,SNSG69759500589,AS,,,2/1/2025 12:10,DBSWD,Sembawang Delivery Base,DBSWD,Sembawang Delivery Base,
836,SNSG69834292335,AS,,,2/1/2025 12:41,DBSWD,Sembawang Delivery Base,DBSWD,Sembawang Delivery Base,
837,SNSG70245428411,CC,,,2/1/2025 18:11,,,,,
838,SNSG70300434801,AS,,,2/1/2025 12:14,DBBLD,Boon Lay Delivery Base,DBBLD,Boon Lay Delivery Base,
839,SNSG70404022188,CC,,,2/1/2025 10:49,,,,,
840,SNSG70646068564,AS,,,2/1/2025 12:59,DBBLD,Boon Lay Delivery Base,DBBLD,Boon Lay Delivery Base,
841,SNSG71592598866,AS,,,2/1/2025 12:41,DBSWD,Sembawang Delivery Base,DBSWD,Sembawang Delivery Base,
842,SNSG71668496065,AS,,,2/1/2025 12:28,DBSWD,Sembawang Delivery Base,DBSWD,Sembawang Delivery Base,
843,SNSG71841767767,AS,,,2/1/2025 12:41,DBSWD,Sembawang Delivery Base,DBSWD,Sembawang Delivery Base,
844,SNSG72173848148,AS,,,2/1/2025 12:13,DBTED,Telok Blangah Delivery Base,DBTED,Telok Blangah Delivery Base,
845,SNSG72258133731,AS,,,2/1/2025 12:13,DBTED,Telok Blangah Delivery Base,DBTED,Telok Blangah Delivery Base,
846,SNSG73323389079,AS,,,2/1/2025 12:41,DBSWD,Sembawang Delivery Base,DBSWD,Sembawang Delivery Base,
847,SNSG73872030769,AS,,,2/1/2025 12:10,DBTLD,Tanglin Delivery Base,DBTLD,Tanglin Delivery Base,
848,SNSG74169042380,AS,,,2/1/2025 12:05,DBCMD,Clementi Delivery Base,DBCMD,Clementi Delivery Base,
849,SNSG74706776351,AS,,,2/1/2025 10:14,DBCMD,Clementi Delivery Base,DBCMD,Clementi Delivery Base,
850,SNSG74831981651,AS,,,2/1/2025 12:10,DBSWD,Sembawang Delivery Base,DBSWD,Sembawang Delivery Base,
851,SNSG75133991209,AS,,,2/1/2025 10:14,DBCMD,Clementi Delivery Base,DBCMD,Clementi Delivery Base,
852,SNSG76917900011,AS,,,2/1/2025 12:14,DBBLD,Boon Lay Delivery Base,DBBLD,Boon Lay Delivery Base,
853,SNSG77283111014,AS,,,2/1/2025 12:59,DBBLD,Boon Lay Delivery Base,DBBLD,Boon Lay Delivery Base,
854,SNSG77967815607,CC,,,2/1/2025 19:18,,,,,
855,SNSG78494893615,AS,,,2/1/2025 12:10,DBTLD,Tanglin Delivery Base,DBTLD,Tanglin Delivery Base,
856,SNSG79035241551,AS,,,2/1/2025 12:41,DBSWD,Sembawang Delivery Base,DBSWD,Sembawang Delivery Base,
857,SNSG79154868574,AS,,,2/1/2025 12:28,DBSWD,Sembawang Delivery Base,DBSWD,Sembawang Delivery Base,
858,SNSG79260800431,AS,,,2/1/2025 11:53,DBWDD,Woodlands Delivery Base,DBWDD,Woodlands Delivery Base,
859,SNSG79822834097,AS,,,2/1/2025 12:05,DBCMD,Clementi Delivery Base,DBCMD,Clementi Delivery Base,
860,SNSG80276059649,AS,,,2/1/2025 12:41,DBSWD,Sembawang Delivery Base,DBSWD,Sembawang Delivery Base,
861,SNSG80404896962,AS,,,2/1/2025 10:14,DBCMD,Clementi Delivery Base,DBCMD,Clementi Delivery Base,
862,SNSG81822296111,AS,,,2/1/2025 12:59,DBBLD,Boon Lay Delivery Base,DBBLD,Boon Lay Delivery Base,
863,SNSG82301041930,CC,,,2/1/2025 17:04,,,,,
864,SNSG82446885278,AS,,,2/1/2025 12:59,DBBLD,Boon Lay Delivery Base,DBBLD,Boon Lay Delivery Base,
865,SNSG82559159487,AS,,,2/1/2025 12:59,DBBLD,Boon Lay Delivery Base,DBBLD,Boon Lay Delivery Base,
866,SNSG82859472502,CC,,,2/1/2025 20:01,,,,,
867,SNSG82919163339,AS,,,2/1/2025 11:53,DBWDD,Woodlands Delivery Base,DBWDD,Woodlands Delivery Base,
868,SNSG82987572682,AS,,,2/1/2025 12:10,DBTLD,Tanglin Delivery Base,DBTLD,Tanglin Delivery Base,
869,SNSG83463016530,AS,,,2/1/2025 10:43,DBOCD,Orchard Delivery Base,DBOCD,Orchard Delivery Base,
870,SNSG83467363151,CC,,,2/1/2025 23:01,,,,,
871,SNSG83826469033,AS,,,2/1/2025 12:05,DBCMD,Clementi Delivery Base,DBCMD,Clementi Delivery Base,
872,SNSG85109578277,CC,,,2/1/2025 10:24,,,,,
873,SNSG86076746054,CC,,,2/1/2025 22:56,,,,,
874,SNSG86682697618,CC,,,2/1/2025 21:45,,,,,
875,SNSG87372776751,AS,,,2/1/2025 12:13,DBTED,Telok Blangah Delivery Base,DBTED,Telok Blangah Delivery Base,
876,SNSG87746179910,AS,,,2/1/2025 10:14,DBCMD,Clementi Delivery Base,DBCMD,Clementi Delivery Base,
877,SNSG89091150142,AS,,,2/1/2025 12:41,DBSWD,Sembawang Delivery Base,DBSWD,Sembawang Delivery Base,
878,SNSG89607911849,AS,,,2/1/2025 12:05,DBCMD,Clementi Delivery Base,DBCMD,Clementi Delivery Base,
879,SNSG90278741477,CC,,,2/1/2025 22:25,,,,,
880,SNSG90770997089,AS,,,2/1/2025 12:15,DBTED,Telok Blangah Delivery Base,DBTED,Telok Blangah Delivery Base,
881,SNSG91267212987,AS,,,2/1/2025 12:05,DBCMD,Clementi Delivery Base,DBCMD,Clementi Delivery Base,
882,SNSG91842160774,AS,,,2/1/2025 12:10,DBSWD,Sembawang Delivery Base,DBSWD,Sembawang Delivery Base,
883,SNSG92129631368,AS,,,2/1/2025 12:13,DBTED,Telok Blangah Delivery Base,DBTED,Telok Blangah Delivery Base,
884,SNSG93412896161,AS,,,2/1/2025 12:41,DBSWD,Sembawang Delivery Base,DBSWD,Sembawang Delivery Base,
885,SNSG94150575679,AS,,,2/1/2025 12:10,DBTLD,Tanglin Delivery Base,DBTLD,Tanglin Delivery Base,
886,SNSG95248121404,CC,,,2/1/2025 21:47,,,,,
887,SNSG95280901924,AS,,,2/1/2025 12:10,DBSWD,Sembawang Delivery Base,DBSWD,Sembawang Delivery Base,
888,SNSG96141061247,CC,,,2/1/2025 20:23,,,,,
889,SNSG97022052984,AS,,,2/1/2025 12:41,DBSWD,Sembawang Delivery Base,DBSWD,Sembawang Delivery Base,
890,SNSG98677676721,AS,,,2/1/2025 12:28,DBSWD,Sembawang Delivery Base,DBSWD,Sembawang Delivery Base,
891,SNSG98788119676,AS,,,2/1/2025 10:14,DBCMD,Clementi Delivery Base,DBCMD,Clementi Delivery Base,
892,SNSG98965936972,AS,,,2/1/2025 12:10,DBSWD,Sembawang Delivery Base,DBSWD,Sembawang Delivery Base,
893,SNSG99997911578,AS,,,2/1/2025 12:10,DBSWD,Sembawang Delivery Base,DBSWD,Sembawang Delivery Base,
894,SPCSEV000011148,AS,,,2/1/2025 12:28,DBSWD,Sembawang Delivery Base,DBSWD,Sembawang Delivery Base,
895,SPCSEV000011257,CC,,,2/1/2025 11:13,,,,,
896,SPCSEV000011471,AS,,,2/1/2025 12:14,DBBLD,Boon Lay Delivery Base,DBBLD,Boon Lay Delivery Base,
897,SPCSEV000011576,AS,,,2/1/2025 12:05,DBCMD,Clementi Delivery Base,DBCMD,Clementi Delivery Base,
898,SPCSEV000011727,AS,,,2/1/2025 12:05,DBCMD,Clementi Delivery Base,DBCMD,Clementi Delivery Base,
899,SPCSEV000011778,AS,,,2/1/2025 12:05,DBCMD,Clementi Delivery Base,DBCMD,Clementi Delivery Base,
900,SPCSEV000011865,AS,,,2/1/2025 12:41,DBSWD,Sembawang Delivery Base,DBSWD,Sembawang Delivery Base,
901,SPCSEV000011915,AS,,,2/1/2025 12:43,DBTLD,Tanglin Delivery Base,DBTLD,Tanglin Delivery Base,
902,SPCSEV000011927,AS,,,2/1/2025 12:41,DBSWD,Sembawang Delivery Base,DBSWD,Sembawang Delivery Base,
903,SPCSEV000011948,AS,,,2/1/2025 12:05,DBCMD,Clementi Delivery Base,DBCMD,Clementi Delivery Base,
904,SPCSEV000011968,AS,,,2/1/2025 12:10,DBTLD,Tanglin Delivery Base,DBTLD,Tanglin Delivery Base,
905,SPCSEV000011979,AS,,,2/1/2025 12:59,DBBLD,Boon Lay Delivery Base,DBBLD,Boon Lay Delivery Base,
906,SPCSEV000012036,AS,,,2/1/2025 12:14,DBBLD,Boon Lay Delivery Base,DBBLD,Boon Lay Delivery Base,
907,SPCSEV000012050,AS,,,2/1/2025 12:06,DBBLD,Boon Lay Delivery Base,DBBLD,Boon Lay Delivery Base,
908,SPCSEV000012059,AS,,,2/1/2025 11:54,DBCMD,Clementi Delivery Base,DBCMD,Clementi Delivery Base,
909,SPCSEV000012060,AS,,,2/1/2025 12:05,DBCMD,Clementi Delivery Base,DBCMD,Clementi Delivery Base,
910,SPCSEV000012109,AS,,,2/1/2025 12:41,DBSWD,Sembawang Delivery Base,DBSWD,Sembawang Delivery Base,
911,SPTTND001166713,UA,,,2/1/2025 10:38,DBRBS,Robinson Delivery Base,DBRBS,Robinson Delivery Base,
912,SPTTND001166713,DB,43,,2/1/2025 12:11,DBRBS,Robinson Delivery Base,DBRBS,Robinson Delivery Base,
913,SPTTND001166713,HI,,,2/1/2025 12:11,DBRBS,Robinson Delivery Base,DBRBS,Robinson Delivery Base,
914,SPTTND001826212,CC,,,2/1/2025 17:23,,,,,
915,SPTTND003116213,CC,,,2/1/2025 21:33,,,,,
916,SPTTND003276713,CC,,,2/1/2025 9:06,,,,,
917,SPTTND003886112,CC,,,2/1/2025 15:35,,,,,
918,SPTTND004106713,CC,,,2/2/2025 0:10,,,,,
919,SPTTND004136713,CC,,,2/1/2025 16:46,,,,,
920,SPTTND004856912,CC,,,2/1/2025 21:50,,,,,
921,SPTTND005176613,CC,,,2/1/2025 10:39,,,,,
922,SPTTND005616812,CC,,,2/1/2025 15:59,,,,,
923,SPTTND006196313,CC,,,2/1/2025 13:51,,,,,
924,SPTTND006346213,CC,,,2/1/2025 10:36,,,,,
925,SPTTND006706712,CC,,,2/1/2025 15:20,,,,,
926,SPTTND006836512,CC,,,2/1/2025 10:23,,,,,
927,SPTTND006916912,CC,,,2/1/2025 23:34,,,,,
928,SPTTND006996611,RU,,,2/1/2025 9:36,,,,,
929,SPTTND006996611,UA,,,2/1/2025 9:42,DBTLD,Tanglin Delivery Base,DBTLD,Tanglin Delivery Base,
930,SPTTND006996611,DB,43,,2/1/2025 9:49,DBTLD,Tanglin Delivery Base,DBTLD,Tanglin Delivery Base,
931,SPTTND006996611,HI,,,2/1/2025 10:41,DBTLD,Tanglin Delivery Base,DBTLD,Tanglin Delivery Base,
932,SPTTND007176413,FD,98,,2/1/2025 9:40,DBCHI,Changi Delivery Base,DBCHI,Changi Delivery Base,
933,SPTTND008206113,CC,,,2/1/2025 16:24,,,,,
934,SPTTND008316112,UA,,,2/1/2025 11:10,DBJRD,Jurong Town Delivery Base,DBJRD,Jurong Town Delivery Base,
935,SPTTND008316112,AS,,,2/1/2025 12:43,DBJRD,Jurong Town Delivery Base,DBJRD,Jurong Town Delivery Base,
936,SPTTND009116913,CC,,,2/1/2025 22:45,,,,,
937,SPTTND009946312,CC,,,2/1/2025 17:33,,,,,
938,SPTTND010046813,CC,,,2/2/2025 0:00,,,,,
939,SPTTND010216513,CC,,,2/1/2025 8:00,,,,,
940,SPTTND010216513,CC,,,2/1/2025 8:00,,,,,
941,SPTTND010266713,CC,,,2/1/2025 16:40,,,,,
942,SPTTND010306013,CC,,,2/1/2025 21:11,,,,,
943,SPWMEV000017347,UA,,,2/1/2025 9:35,DBPLD,Paya Lebar Delivery Base,DBPLD,Paya Lebar Delivery Base,
944,SPWMEV000017347,FD,96,,2/1/2025 9:46,DBPLD,Paya Lebar Delivery Base,DBPLD,Paya Lebar Delivery Base,
945,XZD0002575248,UA,,,2/1/2025 11:10,DBJRD,Jurong Town Delivery Base,DBJRD,Jurong Town Delivery Base,
946,XZD0002575248,AS,,,2/1/2025 12:43,DBJRD,Jurong Town Delivery Base,DBJRD,Jurong Town Delivery Base,
947,XZD0002580945,UA,,,2/1/2025 10:15,DBSWD,Sembawang Delivery Base,DBSWD,Sembawang Delivery Base,
948,XZD0002580945,DL,,,2/1/2025 11:27,DBSWD,Sembawang Delivery Base,DBSWD,Sembawang Delivery Base,
949,XZD0002586040,UA,,,2/1/2025 11:10,DBJRD,Jurong Town Delivery Base,DBJRD,Jurong Town Delivery Base,
950,XZD0002586040,AS,,,2/1/2025 12:43,DBJRD,Jurong Town Delivery Base,DBJRD,Jurong Town Delivery Base,
951,XZD0002586736,CC,,,2/1/2025 20:04,,,,,
952,XZD0002587346,CC,,,2/1/2025 19:24,,,,,
953,XZD0002588373,CC,,,2/1/2025 15:17,,,,,
954,XZD0002588583,CC,,,2/1/2025 13:58,,,,,
955,XZD0002588584,CC,,,2/1/2025 10:39,,,,,
956,XZD0002589904,AS,,,2/1/2025 12:14,DBBLD,Boon Lay Delivery Base,DBBLD,Boon Lay Delivery Base,
957,XZD0002589995,UA,,,2/1/2025 10:22,DBJED,Jurong East Delivery Base,DBJED,Jurong East Delivery Base,
958,XZD0002589995,DL,,,2/1/2025 10:59,DBJED,Jurong East Delivery Base,DBJED,Jurong East Delivery Base,
959,XZD0002589995,CC,,,2/1/2025 12:03,,,,,
960,XZD0002591111,UA,,,2/1/2025 9:50,DBTBD,Tiong Bahru Delivery Base,DBTBD,Tiong Bahru Delivery Base,
961,XZD0002591111,DL,,,2/1/2025 11:35,DBTBD,Tiong Bahru Delivery Base,DBTBD,Tiong Bahru Delivery Base,
962,XZD0002591260,AS,,,2/1/2025 11:53,DBWDD,Woodlands Delivery Base,DBWDD,Woodlands Delivery Base,
963,XZDAMZ1959543,UA,,,2/1/2025 10:03,DBOCD,Orchard Delivery Base,DBOCD,Orchard Delivery Base,
964,XZDAMZ1959543,FD,98,,2/1/2025 11:29,DBOCD,Orchard Delivery Base,DBOCD,Orchard Delivery Base,
965,XZDAMZ1960720,UA,,,2/1/2025 10:28,DBBTD,Bukit Timah Delivery Base,DBBTD,Bukit Timah Delivery Base,
966,XZDAMZ1960720,FD,98,,2/1/2025 11:39,DBBTD,Bukit Timah Delivery Base,DBBTD,Bukit Timah Delivery Base,
967,XZDESW00868601,CC,,,2/1/2025 8:49,,,,,
968,XZDESW00868677,CC,,,2/1/2025 8:55,,,,,
969,XZDSHP0414350,UA,,,2/1/2025 11:10,DBJRD,Jurong Town Delivery Base,DBJRD,Jurong Town Delivery Base,
970,XZDSHP0414350,AS,,,2/1/2025 12:43,DBJRD,Jurong Town Delivery Base,DBJRD,Jurong Town Delivery Base,
971,XZDSHP0419004,CC,,,2/1/2025 16:45,,,,,
972,XZDTEX9999096796,CC,,,2/1/2025 9:42,,,,,
973,XZDTEX9999096859,CC,,,2/1/2025 13:02,,,,,
974,XZDTEX9999096931,CC,,,2/1/2025 19:52,,,,,
975,XZDTEX9999097020,CC,,,2/1/2025 14:45,,,,,
976,XZDTEX9999097065,CC,,,2/1/2025 13:08,,,,,
977,XZE0000987019,CC,,,2/1/2025 18:19,,,,,
978,XZE0000987151,CC,,,2/1/2025 12:04,,,,,
979,XZE0000988623,UA,,,2/1/2025 9:47,DBCMD,Clementi Delivery Base,DBCMD,Clementi Delivery Base,
980,XZE0000988623,DL,,,2/1/2025 10:59,DBCMD,Clementi Delivery Base,DBCMD,Clementi Delivery Base,
981,XZE0000988725,UA,,,2/1/2025 10:43,DBBLD,Boon Lay Delivery Base,DBBLD,Boon Lay Delivery Base,
982,XZE0000988725,FD,98,,2/1/2025 12:50,DBBLD,Boon Lay Delivery Base,DBBLD,Boon Lay Delivery Base,
983,XZE0000988836,UA,,,2/1/2025 10:04,DBOCD,Orchard Delivery Base,DBOCD,Orchard Delivery Base,
984,XZE0000988836,DL,,,2/1/2025 11:37,DBOCD,Orchard Delivery Base,DBOCD,Orchard Delivery Base,
985,XZE0000989000,UA,,,2/1/2025 8:07,DBTMP,Tampines Delivery Base,DBTMP,Tampines Delivery Base,
986,XZE0000989000,DL,,,2/1/2025 9:29,DBTMP,Tampines Delivery Base,DBTMP,Tampines Delivery Base,
987,XZE0000989040,UA,,,2/1/2025 11:10,DBJRD,Jurong Town Delivery Base,DBJRD,Jurong Town Delivery Base,
988,XZE0000989040,AS,,,2/1/2025 12:43,DBJRD,Jurong Town Delivery Base,DBJRD,Jurong Town Delivery Base,
989,XZE0000989046,UA,,,2/1/2025 9:06,DBPLD,Paya Lebar Delivery Base,DBPLD,Paya Lebar Delivery Base,
990,XZE0000989046,DL,,,2/1/2025 9:50,DBPLD,Paya Lebar Delivery Base,DBPLD,Paya Lebar Delivery Base,
991,XZE0000989046,CC,,,2/1/2025 13:36,,,,,
992,XZE0000989412,UA,,,2/1/2025 10:30,DBJED,Jurong East Delivery Base,DBJED,Jurong East Delivery Base,
993,XZE0000989412,AS,,,2/1/2025 11:42,DBJED,Jurong East Delivery Base,DBJED,Jurong East Delivery Base,
994,XZE0000989505,UA,,,2/1/2025 9:43,DBCMD,Clementi Delivery Base,DBCMD,Clementi Delivery Base,
995,XZE0000989505,DL,,,2/1/2025 10:50,DBCMD,Clementi Delivery Base,DBCMD,Clementi Delivery Base,
996,XZE0000989575,UA,,,2/1/2025 10:08,DBBBD,Bras Basah Delivery Base,DBBBD,Bras Basah Delivery Base,
997,XZE0000989575,FD,98,,2/1/2025 10:45,DBBBD,Bras Basah Delivery Base,DBBBD,Bras Basah Delivery Base,
998,XZE0000989610,UA,,,2/1/2025 10:43,DBBLD,Boon Lay Delivery Base,DBBLD,Boon Lay Delivery Base,
999,XZE0000989610,FD,98,,2/1/2025 11:19,DBBLD,Boon Lay Delivery Base,DBBLD,Boon Lay Delivery Base,
1000,ZSGCN015470525,AS,,,2/1/2025 8:34,DBBDD,Bedok Central Delivery Base,DBBDD,Bedok Central Delivery Base,
1001,ZSGD1008846704,AS,,,2/1/2025 13:11,DBJKD,Jalan Kayu Delivery Base,DBJKD,Jalan Kayu Delivery Base,
